id,domain,store_url,outreach_fit,quality_type,source,source_rank,estimated_visitors_per_day,global_popularity_rank,ip,source_site_id,record_update_time
1,thecriticalslidesociety.com,https://thecriticalslidesociety.com,More realistic for freelance/Fiverr outreach; filtered to remove obvious enterprise and celebrity mega-brands,Professional custom-domain Shopify store,Avada Top 500 Shopify Stores article,151,,,,,
2,zorrata.com,https://zorrata.com,More realistic for freelance/Fiverr outreach; filtered to remove obvious enterprise and celebrity mega-brands,Professional custom-domain Shopify store,Avada Top 500 Shopify Stores article,152,,,,,
3,dropdead.co,https://dropdead.co,More realistic for freelance/Fiverr outreach; filtered to remove obvious enterprise and celebrity mega-brands,Professional custom-domain Shopify store,Avada Top 500 Shopify Stores article,153,,,,,
4,flareaudio.com,https://flareaudio.com,More realistic for freelance/Fiverr outreach; filtered to remove obvious enterprise and celebrity mega-brands,Professional custom-domain Shopify store,Avada Top 500 Shopify Stores article,154,,,,,
5,glowrecipe.com,https://glowrecipe.com,More realistic for freelance/Fiverr outreach; filtered to remove obvious enterprise and celebrity mega-brands,Professional custom-domain Shopify store,Avada Top 500 Shopify Stores article,155,,,,,
6,eliquid.com,https://eliquid.com,More realistic for freelance/Fiverr outreach; filtered to remove obvious enterprise and celebrity mega-brands,Professional custom-domain Shopify store,Avada Top 500 Shopify Stores article,156,,,,,
7,postergully.com,https://postergully.com,More realistic for freelance/Fiverr outreach; filtered to remove obvious enterprise and celebrity mega-brands,Professional custom-domain Shopify store,Avada Top 500 Shopify Stores article,157,,,,,
8,chicagomusicexchange.com,https://chicagomusicexchange.com,More realistic for freelance/Fiverr outreach; filtered to remove obvious enterprise and celebrity mega-brands,Professional custom-domain Shopify store,Avada Top 500 Shopify Stores article,158,,,,,
9,vincerocollective.com,https://vincerocollective.com,More realistic for freelance/Fiverr outreach; filtered to remove obvious enterprise and celebrity mega-brands,Professional custom-domain Shopify store,Avada Top 500 Shopify Stores article,159,,,,,
10,18montrose.com,https://18montrose.com,More realistic for freelance/Fiverr outreach; filtered to remove obvious enterprise and celebrity mega-brands,Professional custom-domain Shopify store,Avada Top 500 Shopify Stores article,160,,,,,
11,obeyclothing.com,https://obeyclothing.com,More realistic for freelance/Fiverr outreach; filtered to remove obvious enterprise and celebrity mega-brands,Professional custom-domain Shopify store,Avada Top 500 Shopify Stores article,161,,,,,
12,bestself.co,https://bestself.co,More realistic for freelance/Fiverr outreach; filtered to remove obvious enterprise and celebrity mega-brands,Professional custom-domain Shopify store,Avada Top 500 Shopify Stores article,162,,,,,
13,bollandbranch.com,https://bollandbranch.com,More realistic for freelance/Fiverr outreach; filtered to remove obvious enterprise and celebrity mega-brands,Professional custom-domain Shopify store,Avada Top 500 Shopify Stores article,163,,,,,
14,dipyourcar.com,https://dipyourcar.com,More realistic for freelance/Fiverr outreach; filtered to remove obvious enterprise and celebrity mega-brands,Professional custom-domain Shopify store,Avada Top 500 Shopify Stores article,164,,,,,
15,maramani.com,https://maramani.com,More realistic for freelance/Fiverr outreach; filtered to remove obvious enterprise and celebrity mega-brands,Professional custom-domain Shopify store,Avada Top 500 Shopify Stores article,165,,,,,
16,urbanarmorgear.com,https://urbanarmorgear.com,More realistic for freelance/Fiverr outreach; filtered to remove obvious enterprise and celebrity mega-brands,Professional custom-domain Shopify store,Avada Top 500 Shopify Stores article,166,,,,,
17,bluemercury.com,https://bluemercury.com,More realistic for freelance/Fiverr outreach; filtered to remove obvious enterprise and celebrity mega-brands,Professional custom-domain Shopify store,Avada Top 500 Shopify Stores article,167,,,,,
18,topodesigns.com,https://topodesigns.com,More realistic for freelance/Fiverr outreach; filtered to remove obvious enterprise and celebrity mega-brands,Professional custom-domain Shopify store,Avada Top 500 Shopify Stores article,168,,,,,
19,proozy.com,https://proozy.com,More realistic for freelance/Fiverr outreach; filtered to remove obvious enterprise and celebrity mega-brands,Professional custom-domain Shopify store,Avada Top 500 Shopify Stores article,169,,,,,
20,ejuices.com,https://ejuices.com,More realistic for freelance/Fiverr outreach; filtered to remove obvious enterprise and celebrity mega-brands,Professional custom-domain Shopify store,Avada Top 500 Shopify Stores article,170,,,,,
21,atacado.com,https://atacado.com,More realistic for freelance/Fiverr outreach; filtered to remove obvious enterprise and celebrity mega-brands,Professional custom-domain Shopify store,Avada Top 500 Shopify Stores article,171,,,,,
22,meowingtons.com,https://meowingtons.com,More realistic for freelance/Fiverr outreach; filtered to remove obvious enterprise and celebrity mega-brands,Professional custom-domain Shopify store,Avada Top 500 Shopify Stores article,172,,,,,
23,reneerouleau.com,https://reneerouleau.com,More realistic for freelance/Fiverr outreach; filtered to remove obvious enterprise and celebrity mega-brands,Professional custom-domain Shopify store,Avada Top 500 Shopify Stores article,173,,,,,
24,teradek.com,https://teradek.com,More realistic for freelance/Fiverr outreach; filtered to remove obvious enterprise and celebrity mega-brands,Professional custom-domain Shopify store,Avada Top 500 Shopify Stores article,174,,,,,
25,lucaandgrae.com,https://lucaandgrae.com,More realistic for freelance/Fiverr outreach; filtered to remove obvious enterprise and celebrity mega-brands,Professional custom-domain Shopify store,Avada Top 500 Shopify Stores article,175,,,,,
26,sugarpill.com,https://sugarpill.com,More realistic for freelance/Fiverr outreach; filtered to remove obvious enterprise and celebrity mega-brands,Professional custom-domain Shopify store,Avada Top 500 Shopify Stores article,176,,,,,
27,popchartlab.com,https://popchartlab.com,More realistic for freelance/Fiverr outreach; filtered to remove obvious enterprise and celebrity mega-brands,Professional custom-domain Shopify store,Avada Top 500 Shopify Stores article,177,,,,,
28,thebalm.com,https://thebalm.com,More realistic for freelance/Fiverr outreach; filtered to remove obvious enterprise and celebrity mega-brands,Professional custom-domain Shopify store,Avada Top 500 Shopify Stores article,178,,,,,
29,cheapundies.com,https://cheapundies.com,More realistic for freelance/Fiverr outreach; filtered to remove obvious enterprise and celebrity mega-brands,Professional custom-domain Shopify store,Avada Top 500 Shopify Stores article,179,,,,,
30,etoren.com,https://etoren.com,More realistic for freelance/Fiverr outreach; filtered to remove obvious enterprise and celebrity mega-brands,Professional custom-domain Shopify store,Avada Top 500 Shopify Stores article,180,,,,,
31,thefidgetcube.co,https://thefidgetcube.co,More realistic for freelance/Fiverr outreach; filtered to remove obvious enterprise and celebrity mega-brands,Professional custom-domain Shopify store,Avada Top 500 Shopify Stores article,181,,,,,
32,intotheam.com,https://intotheam.com,More realistic for freelance/Fiverr outreach; filtered to remove obvious enterprise and celebrity mega-brands,Professional custom-domain Shopify store,Avada Top 500 Shopify Stores article,182,,,,,
33,flawlessvapeshop.com,https://flawlessvapeshop.com,More realistic for freelance/Fiverr outreach; filtered to remove obvious enterprise and celebrity mega-brands,Professional custom-domain Shopify store,Avada Top 500 Shopify Stores article,183,,,,,
34,trytheworld.com,https://trytheworld.com,More realistic for freelance/Fiverr outreach; filtered to remove obvious enterprise and celebrity mega-brands,Professional custom-domain Shopify store,Avada Top 500 Shopify Stores article,184,,,,,
35,kangeronline.com,https://kangeronline.com,More realistic for freelance/Fiverr outreach; filtered to remove obvious enterprise and celebrity mega-brands,Professional custom-domain Shopify store,Avada Top 500 Shopify Stores article,185,,,,,
36,tombihn.com,https://tombihn.com,More realistic for freelance/Fiverr outreach; filtered to remove obvious enterprise and celebrity mega-brands,Professional custom-domain Shopify store,Avada Top 500 Shopify Stores article,186,,,,,
37,nextthing.co,https://nextthing.co,More realistic for freelance/Fiverr outreach; filtered to remove obvious enterprise and celebrity mega-brands,Professional custom-domain Shopify store,Avada Top 500 Shopify Stores article,187,,,,,
38,chefd.com,https://chefd.com,More realistic for freelance/Fiverr outreach; filtered to remove obvious enterprise and celebrity mega-brands,Professional custom-domain Shopify store,Avada Top 500 Shopify Stores article,188,,,,,
39,waistshaperz.com,https://waistshaperz.com,More realistic for freelance/Fiverr outreach; filtered to remove obvious enterprise and celebrity mega-brands,Professional custom-domain Shopify store,Avada Top 500 Shopify Stores article,189,,,,,
40,rhinoshield.io,https://rhinoshield.io,More realistic for freelance/Fiverr outreach; filtered to remove obvious enterprise and celebrity mega-brands,Professional custom-domain Shopify store,Avada Top 500 Shopify Stores article,190,,,,,
41,goatcase.com,https://goatcase.com,More realistic for freelance/Fiverr outreach; filtered to remove obvious enterprise and celebrity mega-brands,Professional custom-domain Shopify store,Avada Top 500 Shopify Stores article,191,,,,,
42,2modern.com,https://2modern.com,More realistic for freelance/Fiverr outreach; filtered to remove obvious enterprise and celebrity mega-brands,Professional custom-domain Shopify store,Avada Top 500 Shopify Stores article,192,,,,,
43,rdklu.com,https://rdklu.com,More realistic for freelance/Fiverr outreach; filtered to remove obvious enterprise and celebrity mega-brands,Professional custom-domain Shopify store,Avada Top 500 Shopify Stores article,193,,,,,
44,somethingsweet.com,https://somethingsweet.com,More realistic for freelance/Fiverr outreach; filtered to remove obvious enterprise and celebrity mega-brands,Professional custom-domain Shopify store,Avada Top 500 Shopify Stores article,194,,,,,
45,1861.ca,https://1861.ca,More realistic for freelance/Fiverr outreach; filtered to remove obvious enterprise and celebrity mega-brands,Professional custom-domain Shopify store,Avada Top 500 Shopify Stores article,195,,,,,
46,afloral.com,https://afloral.com,More realistic for freelance/Fiverr outreach; filtered to remove obvious enterprise and celebrity mega-brands,Professional custom-domain Shopify store,Avada Top 500 Shopify Stores article,196,,,,,
47,zippo.com,https://zippo.com,More realistic for freelance/Fiverr outreach; filtered to remove obvious enterprise and celebrity mega-brands,Professional custom-domain Shopify store,Avada Top 500 Shopify Stores article,197,,,,,
48,fuckingawesomestore.com,https://fuckingawesomestore.com,More realistic for freelance/Fiverr outreach; filtered to remove obvious enterprise and celebrity mega-brands,Professional custom-domain Shopify store,Avada Top 500 Shopify Stores article,198,,,,,
49,hubblecontacts.com,https://hubblecontacts.com,More realistic for freelance/Fiverr outreach; filtered to remove obvious enterprise and celebrity mega-brands,Professional custom-domain Shopify store,Avada Top 500 Shopify Stores article,199,,,,,
50,vodrich.com,https://vodrich.com,More realistic for freelance/Fiverr outreach; filtered to remove obvious enterprise and celebrity mega-brands,Professional custom-domain Shopify store,Avada Top 500 Shopify Stores article,200,,,,,
51,onewheel.com,https://onewheel.com,More realistic for freelance/Fiverr outreach; filtered to remove obvious enterprise and celebrity mega-brands,Professional custom-domain Shopify store,Avada Top 500 Shopify Stores article,201,,,,,
52,casadocodigo.com,https://casadocodigo.com,More realistic for freelance/Fiverr outreach; filtered to remove obvious enterprise and celebrity mega-brands,Professional custom-domain Shopify store,Avada Top 500 Shopify Stores article,202,,,,,
53,petitvour.com,https://petitvour.com,More realistic for freelance/Fiverr outreach; filtered to remove obvious enterprise and celebrity mega-brands,Professional custom-domain Shopify store,Avada Top 500 Shopify Stores article,203,,,,,
54,puttyworld.com,https://puttyworld.com,More realistic for freelance/Fiverr outreach; filtered to remove obvious enterprise and celebrity mega-brands,Professional custom-domain Shopify store,Avada Top 500 Shopify Stores article,204,,,,,
55,nextdealshop.com,https://nextdealshop.com,More realistic for freelance/Fiverr outreach; filtered to remove obvious enterprise and celebrity mega-brands,Professional custom-domain Shopify store,Avada Top 500 Shopify Stores article,205,,,,,
56,ridgewallet.com,https://ridgewallet.com,More realistic for freelance/Fiverr outreach; filtered to remove obvious enterprise and celebrity mega-brands,Professional custom-domain Shopify store,Avada Top 500 Shopify Stores article,206,,,,,
57,luxyhair.com,https://luxyhair.com,More realistic for freelance/Fiverr outreach; filtered to remove obvious enterprise and celebrity mega-brands,Professional custom-domain Shopify store,Avada Top 500 Shopify Stores article,207,,,,,
58,80stees.com,https://80stees.com,More realistic for freelance/Fiverr outreach; filtered to remove obvious enterprise and celebrity mega-brands,Professional custom-domain Shopify store,Avada Top 500 Shopify Stores article,208,,,,,
59,uniqfind.com,https://uniqfind.com,More realistic for freelance/Fiverr outreach; filtered to remove obvious enterprise and celebrity mega-brands,Professional custom-domain Shopify store,Avada Top 500 Shopify Stores article,209,,,,,
60,vitalydesign.com,https://vitalydesign.com,More realistic for freelance/Fiverr outreach; filtered to remove obvious enterprise and celebrity mega-brands,Professional custom-domain Shopify store,Avada Top 500 Shopify Stores article,210,,,,,
61,fasciablaster.com,https://fasciablaster.com,More realistic for freelance/Fiverr outreach; filtered to remove obvious enterprise and celebrity mega-brands,Professional custom-domain Shopify store,Avada Top 500 Shopify Stores article,211,,,,,
62,getrocketbook.com,https://getrocketbook.com,More realistic for freelance/Fiverr outreach; filtered to remove obvious enterprise and celebrity mega-brands,Professional custom-domain Shopify store,Avada Top 500 Shopify Stores article,212,,,,,
63,themancompany.com,https://themancompany.com,More realistic for freelance/Fiverr outreach; filtered to remove obvious enterprise and celebrity mega-brands,Professional custom-domain Shopify store,Avada Top 500 Shopify Stores article,213,,,,,
64,plutotrigger.com,https://plutotrigger.com,More realistic for freelance/Fiverr outreach; filtered to remove obvious enterprise and celebrity mega-brands,Professional custom-domain Shopify store,Avada Top 500 Shopify Stores article,214,,,,,
65,fcpxfree.com,https://fcpxfree.com,More realistic for freelance/Fiverr outreach; filtered to remove obvious enterprise and celebrity mega-brands,Professional custom-domain Shopify store,Avada Top 500 Shopify Stores article,215,,,,,
66,popyourpup.com,https://popyourpup.com,More realistic for freelance/Fiverr outreach; filtered to remove obvious enterprise and celebrity mega-brands,Professional custom-domain Shopify store,Avada Top 500 Shopify Stores article,216,,,,,
67,angelusdirect.com,https://angelusdirect.com,More realistic for freelance/Fiverr outreach; filtered to remove obvious enterprise and celebrity mega-brands,Professional custom-domain Shopify store,Avada Top 500 Shopify Stores article,217,,,,,
68,mychoicesoftware.com,https://mychoicesoftware.com,More realistic for freelance/Fiverr outreach; filtered to remove obvious enterprise and celebrity mega-brands,Professional custom-domain Shopify store,Avada Top 500 Shopify Stores article,218,,,,,
69,tortugabackpacks.com,https://tortugabackpacks.com,More realistic for freelance/Fiverr outreach; filtered to remove obvious enterprise and celebrity mega-brands,Professional custom-domain Shopify store,Avada Top 500 Shopify Stores article,219,,,,,
70,msftsrep.com,https://msftsrep.com,More realistic for freelance/Fiverr outreach; filtered to remove obvious enterprise and celebrity mega-brands,Professional custom-domain Shopify store,Avada Top 500 Shopify Stores article,220,,,,,
71,buypeel.com,https://buypeel.com,More realistic for freelance/Fiverr outreach; filtered to remove obvious enterprise and celebrity mega-brands,Professional custom-domain Shopify store,Avada Top 500 Shopify Stores article,221,,,,,
72,peel.com,https://peel.com,More realistic for freelance/Fiverr outreach; filtered to remove obvious enterprise and celebrity mega-brands,Professional custom-domain Shopify store,Avada Top 500 Shopify Stores article,222,,,,,
73,shopnicekicks.com,https://shopnicekicks.com,More realistic for freelance/Fiverr outreach; filtered to remove obvious enterprise and celebrity mega-brands,Professional custom-domain Shopify store,Avada Top 500 Shopify Stores article,223,,,,,
74,sugarbearhair.com,https://sugarbearhair.com,More realistic for freelance/Fiverr outreach; filtered to remove obvious enterprise and celebrity mega-brands,Professional custom-domain Shopify store,Avada Top 500 Shopify Stores article,224,,,,,
75,danandphilshop.com,https://danandphilshop.com,More realistic for freelance/Fiverr outreach; filtered to remove obvious enterprise and celebrity mega-brands,Professional custom-domain Shopify store,Avada Top 500 Shopify Stores article,225,,,,,
76,sourcevapes.com,https://sourcevapes.com,More realistic for freelance/Fiverr outreach; filtered to remove obvious enterprise and celebrity mega-brands,Professional custom-domain Shopify store,Avada Top 500 Shopify Stores article,226,,,,,
77,amuze.com,https://amuze.com,More realistic for freelance/Fiverr outreach; filtered to remove obvious enterprise and celebrity mega-brands,Professional custom-domain Shopify store,Avada Top 500 Shopify Stores article,227,,,,,
78,denydesigns.com,https://denydesigns.com,More realistic for freelance/Fiverr outreach; filtered to remove obvious enterprise and celebrity mega-brands,Professional custom-domain Shopify store,Avada Top 500 Shopify Stores article,228,,,,,
79,intelligentchange.com,https://intelligentchange.com,More realistic for freelance/Fiverr outreach; filtered to remove obvious enterprise and celebrity mega-brands,Professional custom-domain Shopify store,Avada Top 500 Shopify Stores article,229,,,,,
80,emojiisland.com,https://emojiisland.com,More realistic for freelance/Fiverr outreach; filtered to remove obvious enterprise and celebrity mega-brands,Professional custom-domain Shopify store,Avada Top 500 Shopify Stores article,230,,,,,
81,oipolloi.com,https://oipolloi.com,More realistic for freelance/Fiverr outreach; filtered to remove obvious enterprise and celebrity mega-brands,Professional custom-domain Shopify store,Avada Top 500 Shopify Stores article,231,,,,,
82,ergodox-ez.com,https://ergodox-ez.com,More realistic for freelance/Fiverr outreach; filtered to remove obvious enterprise and celebrity mega-brands,Professional custom-domain Shopify store,Avada Top 500 Shopify Stores article,232,,,,,
83,bellamihair.com,https://bellamihair.com,More realistic for freelance/Fiverr outreach; filtered to remove obvious enterprise and celebrity mega-brands,Professional custom-domain Shopify store,Avada Top 500 Shopify Stores article,233,,,,,
84,mykoreanstore.com,https://mykoreanstore.com,More realistic for freelance/Fiverr outreach; filtered to remove obvious enterprise and celebrity mega-brands,Professional custom-domain Shopify store,Avada Top 500 Shopify Stores article,234,,,,,
85,vaporauthority.com,https://vaporauthority.com,More realistic for freelance/Fiverr outreach; filtered to remove obvious enterprise and celebrity mega-brands,Professional custom-domain Shopify store,Avada Top 500 Shopify Stores article,235,,,,,
86,lilanikole.com,https://lilanikole.com,More realistic for freelance/Fiverr outreach; filtered to remove obvious enterprise and celebrity mega-brands,Professional custom-domain Shopify store,Avada Top 500 Shopify Stores article,236,,,,,
87,spire.io,https://spire.io,More realistic for freelance/Fiverr outreach; filtered to remove obvious enterprise and celebrity mega-brands,Professional custom-domain Shopify store,Avada Top 500 Shopify Stores article,237,,,,,
88,harrisseeds.com,https://harrisseeds.com,More realistic for freelance/Fiverr outreach; filtered to remove obvious enterprise and celebrity mega-brands,Professional custom-domain Shopify store,Avada Top 500 Shopify Stores article,238,,,,,
89,nisolo.com,https://nisolo.com,More realistic for freelance/Fiverr outreach; filtered to remove obvious enterprise and celebrity mega-brands,Professional custom-domain Shopify store,Avada Top 500 Shopify Stores article,239,,,,,
90,classicshaving.com,https://classicshaving.com,More realistic for freelance/Fiverr outreach; filtered to remove obvious enterprise and celebrity mega-brands,Professional custom-domain Shopify store,Avada Top 500 Shopify Stores article,240,,,,,
91,shinesty.com,https://shinesty.com,More realistic for freelance/Fiverr outreach; filtered to remove obvious enterprise and celebrity mega-brands,Professional custom-domain Shopify store,Avada Top 500 Shopify Stores article,241,,,,,
92,yeswevibe.com,https://yeswevibe.com,More realistic for freelance/Fiverr outreach; filtered to remove obvious enterprise and celebrity mega-brands,Professional custom-domain Shopify store,Avada Top 500 Shopify Stores article,242,,,,,
93,noahny.com,https://noahny.com,More realistic for freelance/Fiverr outreach; filtered to remove obvious enterprise and celebrity mega-brands,Professional custom-domain Shopify store,Avada Top 500 Shopify Stores article,243,,,,,
94,mikeamiri.com,https://mikeamiri.com,More realistic for freelance/Fiverr outreach; filtered to remove obvious enterprise and celebrity mega-brands,Professional custom-domain Shopify store,Avada Top 500 Shopify Stores article,244,,,,,
95,buymobile.com,https://buymobile.com,More realistic for freelance/Fiverr outreach; filtered to remove obvious enterprise and celebrity mega-brands,Professional custom-domain Shopify store,Avada Top 500 Shopify Stores article,245,,,,,
96,hickies.com,https://hickies.com,More realistic for freelance/Fiverr outreach; filtered to remove obvious enterprise and celebrity mega-brands,Professional custom-domain Shopify store,Avada Top 500 Shopify Stores article,246,,,,,
97,arda-wigs.com,https://arda-wigs.com,More realistic for freelance/Fiverr outreach; filtered to remove obvious enterprise and celebrity mega-brands,Professional custom-domain Shopify store,Avada Top 500 Shopify Stores article,247,,,,,
98,skin18.com,https://skin18.com,More realistic for freelance/Fiverr outreach; filtered to remove obvious enterprise and celebrity mega-brands,Professional custom-domain Shopify store,Avada Top 500 Shopify Stores article,248,,,,,
99,ofracosmetics.com,https://ofracosmetics.com,More realistic for freelance/Fiverr outreach; filtered to remove obvious enterprise and celebrity mega-brands,Professional custom-domain Shopify store,Avada Top 500 Shopify Stores article,249,,,,,
100,makershed.com,https://makershed.com,More realistic for freelance/Fiverr outreach; filtered to remove obvious enterprise and celebrity mega-brands,Professional custom-domain Shopify store,Avada Top 500 Shopify Stores article,250,,,,,
101,nialaya.com,https://nialaya.com,More realistic for freelance/Fiverr outreach; filtered to remove obvious enterprise and celebrity mega-brands,Professional custom-domain Shopify store,Avada Top 500 Shopify Stores article,251,,,,,
102,bonorganik.in,https://bonorganik.in,More realistic for freelance/Fiverr outreach; filtered to remove obvious enterprise and celebrity mega-brands,Professional custom-domain Shopify store,Avada Top 500 Shopify Stores article,252,,,,,
103,lordtimepieces.com,https://lordtimepieces.com,More realistic for freelance/Fiverr outreach; filtered to remove obvious enterprise and celebrity mega-brands,Professional custom-domain Shopify store,Avada Top 500 Shopify Stores article,253,,,,,
104,tweed.com,https://tweed.com,More realistic for freelance/Fiverr outreach; filtered to remove obvious enterprise and celebrity mega-brands,Professional custom-domain Shopify store,Avada Top 500 Shopify Stores article,254,,,,,
105,popmarket.com,https://popmarket.com,More realistic for freelance/Fiverr outreach; filtered to remove obvious enterprise and celebrity mega-brands,Professional custom-domain Shopify store,Avada Top 500 Shopify Stores article,255,,,,,
106,whatdoyoumeme.com,https://whatdoyoumeme.com,More realistic for freelance/Fiverr outreach; filtered to remove obvious enterprise and celebrity mega-brands,Professional custom-domain Shopify store,Avada Top 500 Shopify Stores article,256,,,,,
107,kidrobot.com,https://kidrobot.com,More realistic for freelance/Fiverr outreach; filtered to remove obvious enterprise and celebrity mega-brands,Professional custom-domain Shopify store,Avada Top 500 Shopify Stores article,257,,,,,
108,craneandcanopy.com,https://craneandcanopy.com,More realistic for freelance/Fiverr outreach; filtered to remove obvious enterprise and celebrity mega-brands,Professional custom-domain Shopify store,Avada Top 500 Shopify Stores article,258,,,,,
109,coastalscents.com,https://coastalscents.com,More realistic for freelance/Fiverr outreach; filtered to remove obvious enterprise and celebrity mega-brands,Professional custom-domain Shopify store,Avada Top 500 Shopify Stores article,259,,,,,
110,kokopiecoco.com,https://kokopiecoco.com,More realistic for freelance/Fiverr outreach; filtered to remove obvious enterprise and celebrity mega-brands,Professional custom-domain Shopify store,Avada Top 500 Shopify Stores article,260,,,,,
111,butikbira.com,https://butikbira.com,More realistic for freelance/Fiverr outreach; filtered to remove obvious enterprise and celebrity mega-brands,Professional custom-domain Shopify store,Avada Top 500 Shopify Stores article,261,,,,,
112,youngandreckless.com,https://youngandreckless.com,More realistic for freelance/Fiverr outreach; filtered to remove obvious enterprise and celebrity mega-brands,Professional custom-domain Shopify store,Avada Top 500 Shopify Stores article,262,,,,,
113,potatoparcel.com,https://potatoparcel.com,More realistic for freelance/Fiverr outreach; filtered to remove obvious enterprise and celebrity mega-brands,Professional custom-domain Shopify store,Avada Top 500 Shopify Stores article,263,,,,,
114,poopourri.com,https://poopourri.com,More realistic for freelance/Fiverr outreach; filtered to remove obvious enterprise and celebrity mega-brands,Professional custom-domain Shopify store,Avada Top 500 Shopify Stores article,264,,,,,
115,seiyajapan.com,https://seiyajapan.com,More realistic for freelance/Fiverr outreach; filtered to remove obvious enterprise and celebrity mega-brands,Professional custom-domain Shopify store,Avada Top 500 Shopify Stores article,265,,,,,
116,lumee.com,https://lumee.com,More realistic for freelance/Fiverr outreach; filtered to remove obvious enterprise and celebrity mega-brands,Professional custom-domain Shopify store,Avada Top 500 Shopify Stores article,266,,,,,
117,alrugaibfurniture.com,https://alrugaibfurniture.com,More realistic for freelance/Fiverr outreach; filtered to remove obvious enterprise and celebrity mega-brands,Professional custom-domain Shopify store,Avada Top 500 Shopify Stores article,267,,,,,
118,goodamerican.com,https://goodamerican.com,More realistic for freelance/Fiverr outreach; filtered to remove obvious enterprise and celebrity mega-brands,Professional custom-domain Shopify store,Avada Top 500 Shopify Stores article,268,,,,,
119,thatshirtwascash.com,https://thatshirtwascash.com,More realistic for freelance/Fiverr outreach; filtered to remove obvious enterprise and celebrity mega-brands,Professional custom-domain Shopify store,Avada Top 500 Shopify Stores article,269,,,,,
120,selfrelianceoutfitters.com,https://selfrelianceoutfitters.com,More realistic for freelance/Fiverr outreach; filtered to remove obvious enterprise and celebrity mega-brands,Professional custom-domain Shopify store,Avada Top 500 Shopify Stores article,270,,,,,
121,artnaturals.com,https://artnaturals.com,More realistic for freelance/Fiverr outreach; filtered to remove obvious enterprise and celebrity mega-brands,Professional custom-domain Shopify store,Avada Top 500 Shopify Stores article,271,,,,,
122,thickassglass.com,https://thickassglass.com,More realistic for freelance/Fiverr outreach; filtered to remove obvious enterprise and celebrity mega-brands,Professional custom-domain Shopify store,Avada Top 500 Shopify Stores article,272,,,,,
123,jerryoftheday.net,https://jerryoftheday.net,More realistic for freelance/Fiverr outreach; filtered to remove obvious enterprise and celebrity mega-brands,Professional custom-domain Shopify store,Avada Top 500 Shopify Stores article,273,,,,,
124,abookapart.com,https://abookapart.com,More realistic for freelance/Fiverr outreach; filtered to remove obvious enterprise and celebrity mega-brands,Professional custom-domain Shopify store,Avada Top 500 Shopify Stores article,274,,,,,
125,getkeysmart.com,https://getkeysmart.com,More realistic for freelance/Fiverr outreach; filtered to remove obvious enterprise and celebrity mega-brands,Professional custom-domain Shopify store,Avada Top 500 Shopify Stores article,275,,,,,
126,svsound.com,https://svsound.com,More realistic for freelance/Fiverr outreach; filtered to remove obvious enterprise and celebrity mega-brands,Professional custom-domain Shopify store,Avada Top 500 Shopify Stores article,276,,,,,
127,harney.com,https://harney.com,More realistic for freelance/Fiverr outreach; filtered to remove obvious enterprise and celebrity mega-brands,Professional custom-domain Shopify store,Avada Top 500 Shopify Stores article,277,,,,,
128,storedogdog.net,https://storedogdog.net,More realistic for freelance/Fiverr outreach; filtered to remove obvious enterprise and celebrity mega-brands,Professional custom-domain Shopify store,Avada Top 500 Shopify Stores article,278,,,,,
129,hardgraft.com,https://hardgraft.com,More realistic for freelance/Fiverr outreach; filtered to remove obvious enterprise and celebrity mega-brands,Professional custom-domain Shopify store,Avada Top 500 Shopify Stores article,279,,,,,
130,brainy-bits.com,https://brainy-bits.com,More realistic for freelance/Fiverr outreach; filtered to remove obvious enterprise and celebrity mega-brands,Professional custom-domain Shopify store,Avada Top 500 Shopify Stores article,280,,,,,
131,geeks.com,https://geeks.com,More realistic for freelance/Fiverr outreach; filtered to remove obvious enterprise and celebrity mega-brands,Professional custom-domain Shopify store,Avada Top 500 Shopify Stores article,281,,,,,
132,47brand.com,https://47brand.com,More realistic for freelance/Fiverr outreach; filtered to remove obvious enterprise and celebrity mega-brands,Professional custom-domain Shopify store,Avada Top 500 Shopify Stores article,282,,,,,
133,boardgamebliss.com,https://boardgamebliss.com,More realistic for freelance/Fiverr outreach; filtered to remove obvious enterprise and celebrity mega-brands,Professional custom-domain Shopify store,Avada Top 500 Shopify Stores article,283,,,,,
134,digizani.com,https://digizani.com,More realistic for freelance/Fiverr outreach; filtered to remove obvious enterprise and celebrity mega-brands,Professional custom-domain Shopify store,Avada Top 500 Shopify Stores article,284,,,,,
135,purecycles.com,https://purecycles.com,More realistic for freelance/Fiverr outreach; filtered to remove obvious enterprise and celebrity mega-brands,Professional custom-domain Shopify store,Avada Top 500 Shopify Stores article,285,,,,,
136,solesupremacy.com,https://solesupremacy.com,More realistic for freelance/Fiverr outreach; filtered to remove obvious enterprise and celebrity mega-brands,Professional custom-domain Shopify store,Avada Top 500 Shopify Stores article,286,,,,,
137,bapeonline.com,https://bapeonline.com,More realistic for freelance/Fiverr outreach; filtered to remove obvious enterprise and celebrity mega-brands,Professional custom-domain Shopify store,Avada Top 500 Shopify Stores article,287,,,,,
138,motionrc.com,https://motionrc.com,More realistic for freelance/Fiverr outreach; filtered to remove obvious enterprise and celebrity mega-brands,Professional custom-domain Shopify store,Avada Top 500 Shopify Stores article,288,,,,,
139,stirlingsports.co,https://stirlingsports.co,More realistic for freelance/Fiverr outreach; filtered to remove obvious enterprise and celebrity mega-brands,Professional custom-domain Shopify store,Avada Top 500 Shopify Stores article,289,,,,,
140,hismileteeth.com,https://hismileteeth.com,More realistic for freelance/Fiverr outreach; filtered to remove obvious enterprise and celebrity mega-brands,Professional custom-domain Shopify store,Avada Top 500 Shopify Stores article,290,,,,,
141,ipitaka.com,https://ipitaka.com,More realistic for freelance/Fiverr outreach; filtered to remove obvious enterprise and celebrity mega-brands,Professional custom-domain Shopify store,Avada Top 500 Shopify Stores article,291,,,,,
142,howtocakeit.com,https://howtocakeit.com,More realistic for freelance/Fiverr outreach; filtered to remove obvious enterprise and celebrity mega-brands,Professional custom-domain Shopify store,Avada Top 500 Shopify Stores article,292,,,,,
143,lagirlusa.com,https://lagirlusa.com,More realistic for freelance/Fiverr outreach; filtered to remove obvious enterprise and celebrity mega-brands,Professional custom-domain Shopify store,Avada Top 500 Shopify Stores article,293,,,,,
144,discountwatchstore.com,https://discountwatchstore.com,More realistic for freelance/Fiverr outreach; filtered to remove obvious enterprise and celebrity mega-brands,Professional custom-domain Shopify store,Avada Top 500 Shopify Stores article,294,,,,,
145,pixiefaire.com,https://pixiefaire.com,More realistic for freelance/Fiverr outreach; filtered to remove obvious enterprise and celebrity mega-brands,Professional custom-domain Shopify store,Avada Top 500 Shopify Stores article,295,,,,,
146,dagnedover.com,https://dagnedover.com,More realistic for freelance/Fiverr outreach; filtered to remove obvious enterprise and celebrity mega-brands,Professional custom-domain Shopify store,Avada Top 500 Shopify Stores article,296,,,,,
147,diamantsetcarats.com,https://diamantsetcarats.com,More realistic for freelance/Fiverr outreach; filtered to remove obvious enterprise and celebrity mega-brands,Professional custom-domain Shopify store,Avada Top 500 Shopify Stores article,297,,,,,
148,sfbags.com,https://sfbags.com,More realistic for freelance/Fiverr outreach; filtered to remove obvious enterprise and celebrity mega-brands,Professional custom-domain Shopify store,Avada Top 500 Shopify Stores article,298,,,,,
149,thebusinessfashion.co,https://thebusinessfashion.co,More realistic for freelance/Fiverr outreach; filtered to remove obvious enterprise and celebrity mega-brands,Professional custom-domain Shopify store,Avada Top 500 Shopify Stores article,299,,,,,
150,sandcloudtowels.com,https://sandcloudtowels.com,More realistic for freelance/Fiverr outreach; filtered to remove obvious enterprise and celebrity mega-brands,Professional custom-domain Shopify store,Avada Top 500 Shopify Stores article,300,,,,,
151,iheartraves.com,https://iheartraves.com,More realistic for freelance/Fiverr outreach; filtered to remove obvious enterprise and celebrity mega-brands,Professional custom-domain Shopify store,Avada Top 500 Shopify Stores article,301,,,,,
152,fenerium.com,https://fenerium.com,More realistic for freelance/Fiverr outreach; filtered to remove obvious enterprise and celebrity mega-brands,Professional custom-domain Shopify store,Avada Top 500 Shopify Stores article,302,,,,,
153,lacolombe.com,https://lacolombe.com,More realistic for freelance/Fiverr outreach; filtered to remove obvious enterprise and celebrity mega-brands,Professional custom-domain Shopify store,Avada Top 500 Shopify Stores article,303,,,,,
154,budovideos.com,https://budovideos.com,More realistic for freelance/Fiverr outreach; filtered to remove obvious enterprise and celebrity mega-brands,Professional custom-domain Shopify store,Avada Top 500 Shopify Stores article,304,,,,,
155,ansonbelt.com,https://ansonbelt.com,More realistic for freelance/Fiverr outreach; filtered to remove obvious enterprise and celebrity mega-brands,Professional custom-domain Shopify store,Avada Top 500 Shopify Stores article,305,,,,,
156,missionworkshop.com,https://missionworkshop.com,More realistic for freelance/Fiverr outreach; filtered to remove obvious enterprise and celebrity mega-brands,Professional custom-domain Shopify store,Avada Top 500 Shopify Stores article,306,,,,,
157,caseologycases.com,https://caseologycases.com,More realistic for freelance/Fiverr outreach; filtered to remove obvious enterprise and celebrity mega-brands,Professional custom-domain Shopify store,Avada Top 500 Shopify Stores article,307,,,,,
158,zacaca.com,https://zacaca.com,More realistic for freelance/Fiverr outreach; filtered to remove obvious enterprise and celebrity mega-brands,Professional custom-domain Shopify store,Avada Top 500 Shopify Stores article,308,,,,,
159,beautybakerie.com,https://beautybakerie.com,More realistic for freelance/Fiverr outreach; filtered to remove obvious enterprise and celebrity mega-brands,Professional custom-domain Shopify store,Avada Top 500 Shopify Stores article,309,,,,,
160,420science.com,https://420science.com,More realistic for freelance/Fiverr outreach; filtered to remove obvious enterprise and celebrity mega-brands,Professional custom-domain Shopify store,Avada Top 500 Shopify Stores article,310,,,,,
161,polarprofilters.com,https://polarprofilters.com,More realistic for freelance/Fiverr outreach; filtered to remove obvious enterprise and celebrity mega-brands,Professional custom-domain Shopify store,Avada Top 500 Shopify Stores article,311,,,,,
162,spiritualgangster.com,https://spiritualgangster.com,More realistic for freelance/Fiverr outreach; filtered to remove obvious enterprise and celebrity mega-brands,Professional custom-domain Shopify store,Avada Top 500 Shopify Stores article,312,,,,,
163,betterchinese.com,https://betterchinese.com,More realistic for freelance/Fiverr outreach; filtered to remove obvious enterprise and celebrity mega-brands,Professional custom-domain Shopify store,Avada Top 500 Shopify Stores article,313,,,,,
164,paiskincare.com,https://paiskincare.com,More realistic for freelance/Fiverr outreach; filtered to remove obvious enterprise and celebrity mega-brands,Professional custom-domain Shopify store,Avada Top 500 Shopify Stores article,314,,,,,
165,hypershop.com,https://hypershop.com,More realistic for freelance/Fiverr outreach; filtered to remove obvious enterprise and celebrity mega-brands,Professional custom-domain Shopify store,Avada Top 500 Shopify Stores article,315,,,,,
166,3dmlifestyle.com,https://3dmlifestyle.com,More realistic for freelance/Fiverr outreach; filtered to remove obvious enterprise and celebrity mega-brands,Professional custom-domain Shopify store,Avada Top 500 Shopify Stores article,316,,,,,
167,wearlively.com,https://wearlively.com,More realistic for freelance/Fiverr outreach; filtered to remove obvious enterprise and celebrity mega-brands,Professional custom-domain Shopify store,Avada Top 500 Shopify Stores article,317,,,,,
168,spectrumcollections.com,https://spectrumcollections.com,More realistic for freelance/Fiverr outreach; filtered to remove obvious enterprise and celebrity mega-brands,Professional custom-domain Shopify store,Avada Top 500 Shopify Stores article,318,,,,,
169,elwoodclothing.com,https://elwoodclothing.com,More realistic for freelance/Fiverr outreach; filtered to remove obvious enterprise and celebrity mega-brands,Professional custom-domain Shopify store,Avada Top 500 Shopify Stores article,319,,,,,
170,thehorse.com,https://thehorse.com,More realistic for freelance/Fiverr outreach; filtered to remove obvious enterprise and celebrity mega-brands,Professional custom-domain Shopify store,Avada Top 500 Shopify Stores article,320,,,,,
171,ragstoraches.com,https://ragstoraches.com,More realistic for freelance/Fiverr outreach; filtered to remove obvious enterprise and celebrity mega-brands,Professional custom-domain Shopify store,Avada Top 500 Shopify Stores article,321,,,,,
172,incu.com,https://incu.com,More realistic for freelance/Fiverr outreach; filtered to remove obvious enterprise and celebrity mega-brands,Professional custom-domain Shopify store,Avada Top 500 Shopify Stores article,322,,,,,
173,kleankanteen.com,https://kleankanteen.com,More realistic for freelance/Fiverr outreach; filtered to remove obvious enterprise and celebrity mega-brands,Professional custom-domain Shopify store,Avada Top 500 Shopify Stores article,323,,,,,
174,homage.com,https://homage.com,More realistic for freelance/Fiverr outreach; filtered to remove obvious enterprise and celebrity mega-brands,Professional custom-domain Shopify store,Avada Top 500 Shopify Stores article,324,,,,,
175,productionmusiclive.com,https://productionmusiclive.com,More realistic for freelance/Fiverr outreach; filtered to remove obvious enterprise and celebrity mega-brands,Professional custom-domain Shopify store,Avada Top 500 Shopify Stores article,325,,,,,
176,ashleyjewels.com,https://ashleyjewels.com,More realistic for freelance/Fiverr outreach; filtered to remove obvious enterprise and celebrity mega-brands,Professional custom-domain Shopify store,Avada Top 500 Shopify Stores article,326,,,,,
177,shopatshowcasecanada.com,https://shopatshowcasecanada.com,More realistic for freelance/Fiverr outreach; filtered to remove obvious enterprise and celebrity mega-brands,Professional custom-domain Shopify store,Avada Top 500 Shopify Stores article,327,,,,,
178,dayabyzendaya.com,https://dayabyzendaya.com,More realistic for freelance/Fiverr outreach; filtered to remove obvious enterprise and celebrity mega-brands,Professional custom-domain Shopify store,Avada Top 500 Shopify Stores article,328,,,,,
179,solestop.com,https://solestop.com,More realistic for freelance/Fiverr outreach; filtered to remove obvious enterprise and celebrity mega-brands,Professional custom-domain Shopify store,Avada Top 500 Shopify Stores article,329,,,,,
180,ejuices.co,https://ejuices.co,More realistic for freelance/Fiverr outreach; filtered to remove obvious enterprise and celebrity mega-brands,Professional custom-domain Shopify store,Avada Top 500 Shopify Stores article,330,,,,,
181,emilymcdowell.com,https://emilymcdowell.com,More realistic for freelance/Fiverr outreach; filtered to remove obvious enterprise and celebrity mega-brands,Professional custom-domain Shopify store,Avada Top 500 Shopify Stores article,331,,,,,
182,clickandgrow.com,https://clickandgrow.com,More realistic for freelance/Fiverr outreach; filtered to remove obvious enterprise and celebrity mega-brands,Professional custom-domain Shopify store,Avada Top 500 Shopify Stores article,332,,,,,
183,womensbest.com,https://womensbest.com,More realistic for freelance/Fiverr outreach; filtered to remove obvious enterprise and celebrity mega-brands,Professional custom-domain Shopify store,Avada Top 500 Shopify Stores article,333,,,,,
184,greyhaze.co,https://greyhaze.co,More realistic for freelance/Fiverr outreach; filtered to remove obvious enterprise and celebrity mega-brands,Professional custom-domain Shopify store,Avada Top 500 Shopify Stores article,334,,,,,
185,afflictionclothing.com,https://afflictionclothing.com,More realistic for freelance/Fiverr outreach; filtered to remove obvious enterprise and celebrity mega-brands,Professional custom-domain Shopify store,Avada Top 500 Shopify Stores article,335,,,,,
186,bestchoiceproducts.com,https://bestchoiceproducts.com,More realistic for freelance/Fiverr outreach; filtered to remove obvious enterprise and celebrity mega-brands,Professional custom-domain Shopify store,Avada Top 500 Shopify Stores article,336,,,,,
187,sukkhi.com,https://sukkhi.com,More realistic for freelance/Fiverr outreach; filtered to remove obvious enterprise and celebrity mega-brands,Professional custom-domain Shopify store,Avada Top 500 Shopify Stores article,337,,,,,
188,doseofcolors.com,https://doseofcolors.com,More realistic for freelance/Fiverr outreach; filtered to remove obvious enterprise and celebrity mega-brands,Professional custom-domain Shopify store,Avada Top 500 Shopify Stores article,338,,,,,
189,vrsdesign.com,https://vrsdesign.com,More realistic for freelance/Fiverr outreach; filtered to remove obvious enterprise and celebrity mega-brands,Professional custom-domain Shopify store,Avada Top 500 Shopify Stores article,339,,,,,
190,syndromestore.com,https://syndromestore.com,More realistic for freelance/Fiverr outreach; filtered to remove obvious enterprise and celebrity mega-brands,Professional custom-domain Shopify store,Avada Top 500 Shopify Stores article,340,,,,,
191,velasca.com,https://velasca.com,More realistic for freelance/Fiverr outreach; filtered to remove obvious enterprise and celebrity mega-brands,Professional custom-domain Shopify store,Avada Top 500 Shopify Stores article,341,,,,,
192,jurawatches.co,https://jurawatches.co,More realistic for freelance/Fiverr outreach; filtered to remove obvious enterprise and celebrity mega-brands,Professional custom-domain Shopify store,Avada Top 500 Shopify Stores article,342,,,,,
193,asmaraku.com,https://asmaraku.com,More realistic for freelance/Fiverr outreach; filtered to remove obvious enterprise and celebrity mega-brands,Professional custom-domain Shopify store,Avada Top 500 Shopify Stores article,343,,,,,
194,sondors.com,https://sondors.com,More realistic for freelance/Fiverr outreach; filtered to remove obvious enterprise and celebrity mega-brands,Professional custom-domain Shopify store,Avada Top 500 Shopify Stores article,344,,,,,
195,cellucor.com,https://cellucor.com,More realistic for freelance/Fiverr outreach; filtered to remove obvious enterprise and celebrity mega-brands,Professional custom-domain Shopify store,Avada Top 500 Shopify Stores article,345,,,,,
196,mmasilver.com,https://mmasilver.com,More realistic for freelance/Fiverr outreach; filtered to remove obvious enterprise and celebrity mega-brands,Professional custom-domain Shopify store,Avada Top 500 Shopify Stores article,346,,,,,
197,newburycomics.com,https://newburycomics.com,More realistic for freelance/Fiverr outreach; filtered to remove obvious enterprise and celebrity mega-brands,Professional custom-domain Shopify store,Avada Top 500 Shopify Stores article,347,,,,,
198,jouercosmetics.com,https://jouercosmetics.com,More realistic for freelance/Fiverr outreach; filtered to remove obvious enterprise and celebrity mega-brands,Professional custom-domain Shopify store,Avada Top 500 Shopify Stores article,348,,,,,
199,xgaming.com,https://xgaming.com,More realistic for freelance/Fiverr outreach; filtered to remove obvious enterprise and celebrity mega-brands,Professional custom-domain Shopify store,Avada Top 500 Shopify Stores article,349,,,,,
200,socialstatuspgh.com,https://socialstatuspgh.com,More realistic for freelance/Fiverr outreach; filtered to remove obvious enterprise and celebrity mega-brands,Professional custom-domain Shopify store,Avada Top 500 Shopify Stores article,350,,,,,
201,wigs.com,https://wigs.com,More realistic for freelance/Fiverr outreach; filtered to remove obvious enterprise and celebrity mega-brands,Professional custom-domain Shopify store,Avada Top 500 Shopify Stores article,351,,,,,
202,cncpts.com,https://cncpts.com,More realistic for freelance/Fiverr outreach; filtered to remove obvious enterprise and celebrity mega-brands,Professional custom-domain Shopify store,Avada Top 500 Shopify Stores article,352,,,,,
203,evannex.com,https://evannex.com,More realistic for freelance/Fiverr outreach; filtered to remove obvious enterprise and celebrity mega-brands,Professional custom-domain Shopify store,Avada Top 500 Shopify Stores article,353,,,,,
204,came-tv.com,https://came-tv.com,More realistic for freelance/Fiverr outreach; filtered to remove obvious enterprise and celebrity mega-brands,Professional custom-domain Shopify store,Avada Top 500 Shopify Stores article,354,,,,,
205,theoriginalscrapbox.com,https://theoriginalscrapbox.com,More realistic for freelance/Fiverr outreach; filtered to remove obvious enterprise and celebrity mega-brands,Professional custom-domain Shopify store,Avada Top 500 Shopify Stores article,355,,,,,
206,retrosupply.co,https://retrosupply.co,More realistic for freelance/Fiverr outreach; filtered to remove obvious enterprise and celebrity mega-brands,Professional custom-domain Shopify store,Avada Top 500 Shopify Stores article,356,,,,,
207,craftonline.com,https://craftonline.com,More realistic for freelance/Fiverr outreach; filtered to remove obvious enterprise and celebrity mega-brands,Professional custom-domain Shopify store,Avada Top 500 Shopify Stores article,357,,,,,
208,bmfitgear.com,https://bmfitgear.com,More realistic for freelance/Fiverr outreach; filtered to remove obvious enterprise and celebrity mega-brands,Professional custom-domain Shopify store,Avada Top 500 Shopify Stores article,358,,,,,
209,brandsego.com,https://brandsego.com,More realistic for freelance/Fiverr outreach; filtered to remove obvious enterprise and celebrity mega-brands,Professional custom-domain Shopify store,Avada Top 500 Shopify Stores article,359,,,,,
210,trumpforpresidentbobblehead.com,https://trumpforpresidentbobblehead.com,More realistic for freelance/Fiverr outreach; filtered to remove obvious enterprise and celebrity mega-brands,Professional custom-domain Shopify store,Avada Top 500 Shopify Stores article,360,,,,,
211,dropshipaja.com,https://dropshipaja.com,More realistic for freelance/Fiverr outreach; filtered to remove obvious enterprise and celebrity mega-brands,Professional custom-domain Shopify store,Avada Top 500 Shopify Stores article,361,,,,,
212,purposetourmerch.com,https://purposetourmerch.com,More realistic for freelance/Fiverr outreach; filtered to remove obvious enterprise and celebrity mega-brands,Professional custom-domain Shopify store,Avada Top 500 Shopify Stores article,362,,,,,
213,wyo.in,https://wyo.in,More realistic for freelance/Fiverr outreach; filtered to remove obvious enterprise and celebrity mega-brands,Professional custom-domain Shopify store,Avada Top 500 Shopify Stores article,363,,,,,
214,highsandlows.net,https://highsandlows.net,More realistic for freelance/Fiverr outreach; filtered to remove obvious enterprise and celebrity mega-brands,Professional custom-domain Shopify store,Avada Top 500 Shopify Stores article,364,,,,,
215,healthrangerstore.com,https://healthrangerstore.com,More realistic for freelance/Fiverr outreach; filtered to remove obvious enterprise and celebrity mega-brands,Professional custom-domain Shopify store,Avada Top 500 Shopify Stores article,365,,,,,
216,wandrd.com,https://wandrd.com,More realistic for freelance/Fiverr outreach; filtered to remove obvious enterprise and celebrity mega-brands,Professional custom-domain Shopify store,Avada Top 500 Shopify Stores article,366,,,,,
217,gallantry.com,https://gallantry.com,More realistic for freelance/Fiverr outreach; filtered to remove obvious enterprise and celebrity mega-brands,Professional custom-domain Shopify store,Avada Top 500 Shopify Stores article,367,,,,,
218,24hundred.net,https://24hundred.net,More realistic for freelance/Fiverr outreach; filtered to remove obvious enterprise and celebrity mega-brands,Professional custom-domain Shopify store,Avada Top 500 Shopify Stores article,368,,,,,
219,fayettechill.com,https://fayettechill.com,More realistic for freelance/Fiverr outreach; filtered to remove obvious enterprise and celebrity mega-brands,Professional custom-domain Shopify store,Avada Top 500 Shopify Stores article,369,,,,,
220,ghospell.com,https://ghospell.com,More realistic for freelance/Fiverr outreach; filtered to remove obvious enterprise and celebrity mega-brands,Professional custom-domain Shopify store,Avada Top 500 Shopify Stores article,370,,,,,
221,vapoureyes.com,https://vapoureyes.com,More realistic for freelance/Fiverr outreach; filtered to remove obvious enterprise and celebrity mega-brands,Professional custom-domain Shopify store,Avada Top 500 Shopify Stores article,371,,,,,
222,shopredone.com,https://shopredone.com,More realistic for freelance/Fiverr outreach; filtered to remove obvious enterprise and celebrity mega-brands,Professional custom-domain Shopify store,Avada Top 500 Shopify Stores article,372,,,,,
223,simbasleep.com,https://simbasleep.com,More realistic for freelance/Fiverr outreach; filtered to remove obvious enterprise and celebrity mega-brands,Professional custom-domain Shopify store,Avada Top 500 Shopify Stores article,373,,,,,
224,extrabutterny.com,https://extrabutterny.com,More realistic for freelance/Fiverr outreach; filtered to remove obvious enterprise and celebrity mega-brands,Professional custom-domain Shopify store,Avada Top 500 Shopify Stores article,374,,,,,
225,svgstudio.com,https://svgstudio.com,More realistic for freelance/Fiverr outreach; filtered to remove obvious enterprise and celebrity mega-brands,Professional custom-domain Shopify store,Avada Top 500 Shopify Stores article,375,,,,,
226,kingpincooling.com,https://kingpincooling.com,More realistic for freelance/Fiverr outreach; filtered to remove obvious enterprise and celebrity mega-brands,Professional custom-domain Shopify store,Avada Top 500 Shopify Stores article,376,,,,,
227,aurumbrothers.com,https://aurumbrothers.com,More realistic for freelance/Fiverr outreach; filtered to remove obvious enterprise and celebrity mega-brands,Professional custom-domain Shopify store,Avada Top 500 Shopify Stores article,377,,,,,
228,shopsalomondrin.com,https://shopsalomondrin.com,More realistic for freelance/Fiverr outreach; filtered to remove obvious enterprise and celebrity mega-brands,Professional custom-domain Shopify store,Avada Top 500 Shopify Stores article,378,,,,,
229,luminouseshop.com,https://luminouseshop.com,More realistic for freelance/Fiverr outreach; filtered to remove obvious enterprise and celebrity mega-brands,Professional custom-domain Shopify store,Avada Top 500 Shopify Stores article,379,,,,,
230,northweek.com,https://northweek.com,More realistic for freelance/Fiverr outreach; filtered to remove obvious enterprise and celebrity mega-brands,Professional custom-domain Shopify store,Avada Top 500 Shopify Stores article,380,,,,,
231,themagpark.com,https://themagpark.com,More realistic for freelance/Fiverr outreach; filtered to remove obvious enterprise and celebrity mega-brands,Professional custom-domain Shopify store,Avada Top 500 Shopify Stores article,381,,,,,
232,darngoodyarn.com,https://darngoodyarn.com,More realistic for freelance/Fiverr outreach; filtered to remove obvious enterprise and celebrity mega-brands,Professional custom-domain Shopify store,Avada Top 500 Shopify Stores article,382,,,,,
233,wickedclothes.com,https://wickedclothes.com,More realistic for freelance/Fiverr outreach; filtered to remove obvious enterprise and celebrity mega-brands,Professional custom-domain Shopify store,Avada Top 500 Shopify Stores article,383,,,,,
234,pixibeauty.com,https://pixibeauty.com,More realistic for freelance/Fiverr outreach; filtered to remove obvious enterprise and celebrity mega-brands,Professional custom-domain Shopify store,Avada Top 500 Shopify Stores article,384,,,,,
235,kagedmuscle.com,https://kagedmuscle.com,More realistic for freelance/Fiverr outreach; filtered to remove obvious enterprise and celebrity mega-brands,Professional custom-domain Shopify store,Avada Top 500 Shopify Stores article,385,,,,,
236,qwerkywriter.com,https://qwerkywriter.com,More realistic for freelance/Fiverr outreach; filtered to remove obvious enterprise and celebrity mega-brands,Professional custom-domain Shopify store,Avada Top 500 Shopify Stores article,386,,,,,
237,huntandcompany.com,https://huntandcompany.com,More realistic for freelance/Fiverr outreach; filtered to remove obvious enterprise and celebrity mega-brands,Professional custom-domain Shopify store,Avada Top 500 Shopify Stores article,387,,,,,
238,mylesapparel.com,https://mylesapparel.com,More realistic for freelance/Fiverr outreach; filtered to remove obvious enterprise and celebrity mega-brands,Professional custom-domain Shopify store,Avada Top 500 Shopify Stores article,388,,,,,
239,velvetcaviar.com,https://velvetcaviar.com,More realistic for freelance/Fiverr outreach; filtered to remove obvious enterprise and celebrity mega-brands,Professional custom-domain Shopify store,Avada Top 500 Shopify Stores article,389,,,,,
240,games4gains.com,https://games4gains.com,More realistic for freelance/Fiverr outreach; filtered to remove obvious enterprise and celebrity mega-brands,Professional custom-domain Shopify store,Avada Top 500 Shopify Stores article,390,,,,,
241,deeringbanjos.com,https://deeringbanjos.com,More realistic for freelance/Fiverr outreach; filtered to remove obvious enterprise and celebrity mega-brands,Professional custom-domain Shopify store,Avada Top 500 Shopify Stores article,391,,,,,
242,healthmateforever.com,https://healthmateforever.com,More realistic for freelance/Fiverr outreach; filtered to remove obvious enterprise and celebrity mega-brands,Professional custom-domain Shopify store,Avada Top 500 Shopify Stores article,392,,,,,
243,naturalstacks.com,https://naturalstacks.com,More realistic for freelance/Fiverr outreach; filtered to remove obvious enterprise and celebrity mega-brands,Professional custom-domain Shopify store,Avada Top 500 Shopify Stores article,393,,,,,
244,fanjoy.co,https://fanjoy.co,More realistic for freelance/Fiverr outreach; filtered to remove obvious enterprise and celebrity mega-brands,Professional custom-domain Shopify store,Avada Top 500 Shopify Stores article,394,,,,,
245,uturnaudio.com,https://uturnaudio.com,More realistic for freelance/Fiverr outreach; filtered to remove obvious enterprise and celebrity mega-brands,Professional custom-domain Shopify store,Avada Top 500 Shopify Stores article,395,,,,,
246,sininlinen.com,https://sininlinen.com,More realistic for freelance/Fiverr outreach; filtered to remove obvious enterprise and celebrity mega-brands,Professional custom-domain Shopify store,Avada Top 500 Shopify Stores article,396,,,,,
247,johnnycupcakes.com,https://johnnycupcakes.com,More realistic for freelance/Fiverr outreach; filtered to remove obvious enterprise and celebrity mega-brands,Professional custom-domain Shopify store,Avada Top 500 Shopify Stores article,397,,,,,
248,kikkerland.com,https://kikkerland.com,More realistic for freelance/Fiverr outreach; filtered to remove obvious enterprise and celebrity mega-brands,Professional custom-domain Shopify store,Avada Top 500 Shopify Stores article,398,,,,,
249,instantadcopy.com,https://instantadcopy.com,More realistic for freelance/Fiverr outreach; filtered to remove obvious enterprise and celebrity mega-brands,Professional custom-domain Shopify store,Avada Top 500 Shopify Stores article,399,,,,,
250,battlebeavercustoms.com,https://battlebeavercustoms.com,More realistic for freelance/Fiverr outreach; filtered to remove obvious enterprise and celebrity mega-brands,Professional custom-domain Shopify store,Avada Top 500 Shopify Stores article,400,,,,,
251,radpowerbikes.com,https://radpowerbikes.com,More realistic for freelance/Fiverr outreach; filtered to remove obvious enterprise and celebrity mega-brands,Professional custom-domain Shopify store,Avada Top 500 Shopify Stores article,401,,,,,
252,2020ave.com,https://2020ave.com,More realistic for freelance/Fiverr outreach; filtered to remove obvious enterprise and celebrity mega-brands,Professional custom-domain Shopify store,Avada Top 500 Shopify Stores article,402,,,,,
253,outofprintclothing.com,https://outofprintclothing.com,More realistic for freelance/Fiverr outreach; filtered to remove obvious enterprise and celebrity mega-brands,Professional custom-domain Shopify store,Avada Top 500 Shopify Stores article,403,,,,,
254,sprayable.co,https://sprayable.co,More realistic for freelance/Fiverr outreach; filtered to remove obvious enterprise and celebrity mega-brands,Professional custom-domain Shopify store,Avada Top 500 Shopify Stores article,404,,,,,
255,wearfigs.com,https://wearfigs.com,More realistic for freelance/Fiverr outreach; filtered to remove obvious enterprise and celebrity mega-brands,Professional custom-domain Shopify store,Avada Top 500 Shopify Stores article,405,,,,,
256,onlineprasad.com,https://onlineprasad.com,More realistic for freelance/Fiverr outreach; filtered to remove obvious enterprise and celebrity mega-brands,Professional custom-domain Shopify store,Avada Top 500 Shopify Stores article,406,,,,,
257,hellomerch.com,https://hellomerch.com,More realistic for freelance/Fiverr outreach; filtered to remove obvious enterprise and celebrity mega-brands,Professional custom-domain Shopify store,Avada Top 500 Shopify Stores article,407,,,,,
258,alphaaccessories.co,https://alphaaccessories.co,More realistic for freelance/Fiverr outreach; filtered to remove obvious enterprise and celebrity mega-brands,Professional custom-domain Shopify store,Avada Top 500 Shopify Stores article,408,,,,,
259,xhibition.co,https://xhibition.co,More realistic for freelance/Fiverr outreach; filtered to remove obvious enterprise and celebrity mega-brands,Professional custom-domain Shopify store,Avada Top 500 Shopify Stores article,409,,,,,
260,spirithoods.com,https://spirithoods.com,More realistic for freelance/Fiverr outreach; filtered to remove obvious enterprise and celebrity mega-brands,Professional custom-domain Shopify store,Avada Top 500 Shopify Stores article,410,,,,,
261,q-see.com,https://q-see.com,More realistic for freelance/Fiverr outreach; filtered to remove obvious enterprise and celebrity mega-brands,Professional custom-domain Shopify store,Avada Top 500 Shopify Stores article,411,,,,,
262,sakara.com,https://sakara.com,More realistic for freelance/Fiverr outreach; filtered to remove obvious enterprise and celebrity mega-brands,Professional custom-domain Shopify store,Avada Top 500 Shopify Stores article,412,,,,,
263,tinywhoop.com,https://tinywhoop.com,More realistic for freelance/Fiverr outreach; filtered to remove obvious enterprise and celebrity mega-brands,Professional custom-domain Shopify store,Avada Top 500 Shopify Stores article,413,,,,,
264,denisdaily.com,https://denisdaily.com,More realistic for freelance/Fiverr outreach; filtered to remove obvious enterprise and celebrity mega-brands,Professional custom-domain Shopify store,Avada Top 500 Shopify Stores article,414,,,,,
265,myintent.org,https://myintent.org,More realistic for freelance/Fiverr outreach; filtered to remove obvious enterprise and celebrity mega-brands,Professional custom-domain Shopify store,Avada Top 500 Shopify Stores article,415,,,,,
266,emazinglights.com,https://emazinglights.com,More realistic for freelance/Fiverr outreach; filtered to remove obvious enterprise and celebrity mega-brands,Professional custom-domain Shopify store,Avada Top 500 Shopify Stores article,416,,,,,
267,baggu.com,https://baggu.com,More realistic for freelance/Fiverr outreach; filtered to remove obvious enterprise and celebrity mega-brands,Professional custom-domain Shopify store,Avada Top 500 Shopify Stores article,417,,,,,
268,oneness287.com,https://oneness287.com,More realistic for freelance/Fiverr outreach; filtered to remove obvious enterprise and celebrity mega-brands,Professional custom-domain Shopify store,Avada Top 500 Shopify Stores article,418,,,,,
269,baseqi.com,https://baseqi.com,More realistic for freelance/Fiverr outreach; filtered to remove obvious enterprise and celebrity mega-brands,Professional custom-domain Shopify store,Avada Top 500 Shopify Stores article,419,,,,,
270,the-citizenry.com,https://the-citizenry.com,More realistic for freelance/Fiverr outreach; filtered to remove obvious enterprise and celebrity mega-brands,Professional custom-domain Shopify store,Avada Top 500 Shopify Stores article,420,,,,,
271,joyrich.com,https://joyrich.com,More realistic for freelance/Fiverr outreach; filtered to remove obvious enterprise and celebrity mega-brands,Professional custom-domain Shopify store,Avada Top 500 Shopify Stores article,421,,,,,
272,stagprovisions.com,https://stagprovisions.com,More realistic for freelance/Fiverr outreach; filtered to remove obvious enterprise and celebrity mega-brands,Professional custom-domain Shopify store,Avada Top 500 Shopify Stores article,422,,,,,
273,kulanikinis.com,https://kulanikinis.com,More realistic for freelance/Fiverr outreach; filtered to remove obvious enterprise and celebrity mega-brands,Professional custom-domain Shopify store,Avada Top 500 Shopify Stores article,423,,,,,
274,seemecnc.com,https://seemecnc.com,More realistic for freelance/Fiverr outreach; filtered to remove obvious enterprise and celebrity mega-brands,Professional custom-domain Shopify store,Avada Top 500 Shopify Stores article,424,,,,,
275,aetherapparel.com,https://aetherapparel.com,More realistic for freelance/Fiverr outreach; filtered to remove obvious enterprise and celebrity mega-brands,Professional custom-domain Shopify store,Avada Top 500 Shopify Stores article,425,,,,,
276,despair.com,https://despair.com,More realistic for freelance/Fiverr outreach; filtered to remove obvious enterprise and celebrity mega-brands,Professional custom-domain Shopify store,Avada Top 500 Shopify Stores article,426,,,,,
277,kookai.com,https://kookai.com,More realistic for freelance/Fiverr outreach; filtered to remove obvious enterprise and celebrity mega-brands,Professional custom-domain Shopify store,Avada Top 500 Shopify Stores article,427,,,,,
278,bluebella.com,https://bluebella.com,More realistic for freelance/Fiverr outreach; filtered to remove obvious enterprise and celebrity mega-brands,Professional custom-domain Shopify store,Avada Top 500 Shopify Stores article,428,,,,,
279,rothys.com,https://rothys.com,More realistic for freelance/Fiverr outreach; filtered to remove obvious enterprise and celebrity mega-brands,Professional custom-domain Shopify store,Avada Top 500 Shopify Stores article,429,,,,,
280,elitify.com,https://elitify.com,More realistic for freelance/Fiverr outreach; filtered to remove obvious enterprise and celebrity mega-brands,Professional custom-domain Shopify store,Avada Top 500 Shopify Stores article,430,,,,,
281,unitedbyblue.com,https://unitedbyblue.com,More realistic for freelance/Fiverr outreach; filtered to remove obvious enterprise and celebrity mega-brands,Professional custom-domain Shopify store,Avada Top 500 Shopify Stores article,431,,,,,
282,exclucitylife.com,https://exclucitylife.com,More realistic for freelance/Fiverr outreach; filtered to remove obvious enterprise and celebrity mega-brands,Professional custom-domain Shopify store,Avada Top 500 Shopify Stores article,432,,,,,
283,mantraband.com,https://mantraband.com,More realistic for freelance/Fiverr outreach; filtered to remove obvious enterprise and celebrity mega-brands,Professional custom-domain Shopify store,Avada Top 500 Shopify Stores article,433,,,,,
284,ddpyoga.com,https://ddpyoga.com,More realistic for freelance/Fiverr outreach; filtered to remove obvious enterprise and celebrity mega-brands,Professional custom-domain Shopify store,Avada Top 500 Shopify Stores article,434,,,,,
285,skiisandbiikes.com,https://skiisandbiikes.com,More realistic for freelance/Fiverr outreach; filtered to remove obvious enterprise and celebrity mega-brands,Professional custom-domain Shopify store,Avada Top 500 Shopify Stores article,435,,,,,
286,thehappinessplanner.com,https://thehappinessplanner.com,More realistic for freelance/Fiverr outreach; filtered to remove obvious enterprise and celebrity mega-brands,Professional custom-domain Shopify store,Avada Top 500 Shopify Stores article,436,,,,,
287,bulova.com,https://bulova.com,More realistic for freelance/Fiverr outreach; filtered to remove obvious enterprise and celebrity mega-brands,Professional custom-domain Shopify store,Avada Top 500 Shopify Stores article,437,,,,,
288,jlabaudio.com,https://jlabaudio.com,More realistic for freelance/Fiverr outreach; filtered to remove obvious enterprise and celebrity mega-brands,Professional custom-domain Shopify store,Avada Top 500 Shopify Stores article,438,,,,,
289,boardgamegeekstore.com,https://boardgamegeekstore.com,More realistic for freelance/Fiverr outreach; filtered to remove obvious enterprise and celebrity mega-brands,Professional custom-domain Shopify store,Avada Top 500 Shopify Stores article,439,,,,,
290,blackboxmycar.com,https://blackboxmycar.com,More realistic for freelance/Fiverr outreach; filtered to remove obvious enterprise and celebrity mega-brands,Professional custom-domain Shopify store,Avada Top 500 Shopify Stores article,440,,,,,
291,blackstonelabs.com,https://blackstonelabs.com,More realistic for freelance/Fiverr outreach; filtered to remove obvious enterprise and celebrity mega-brands,Professional custom-domain Shopify store,Avada Top 500 Shopify Stores article,441,,,,,
292,miraclenoodle.com,https://miraclenoodle.com,More realistic for freelance/Fiverr outreach; filtered to remove obvious enterprise and celebrity mega-brands,Professional custom-domain Shopify store,Avada Top 500 Shopify Stores article,442,,,,,
293,seedsnow.com,https://seedsnow.com,More realistic for freelance/Fiverr outreach; filtered to remove obvious enterprise and celebrity mega-brands,Professional custom-domain Shopify store,Avada Top 500 Shopify Stores article,443,,,,,
294,frankiesbikinis.com,https://frankiesbikinis.com,More realistic for freelance/Fiverr outreach; filtered to remove obvious enterprise and celebrity mega-brands,Professional custom-domain Shopify store,Avada Top 500 Shopify Stores article,444,,,,,
295,fuckthepopulation.com,https://fuckthepopulation.com,More realistic for freelance/Fiverr outreach; filtered to remove obvious enterprise and celebrity mega-brands,Professional custom-domain Shopify store,Avada Top 500 Shopify Stores article,445,,,,,
296,gc2b.co,https://gc2b.co,More realistic for freelance/Fiverr outreach; filtered to remove obvious enterprise and celebrity mega-brands,Professional custom-domain Shopify store,Avada Top 500 Shopify Stores article,446,,,,,
297,ishine365.com,https://ishine365.com,More realistic for freelance/Fiverr outreach; filtered to remove obvious enterprise and celebrity mega-brands,Professional custom-domain Shopify store,Avada Top 500 Shopify Stores article,447,,,,,
298,impresoras3d.com,https://impresoras3d.com,More realistic for freelance/Fiverr outreach; filtered to remove obvious enterprise and celebrity mega-brands,Professional custom-domain Shopify store,Avada Top 500 Shopify Stores article,448,,,,,
299,teecoonshop.com,https://teecoonshop.com,More realistic for freelance/Fiverr outreach; filtered to remove obvious enterprise and celebrity mega-brands,Professional custom-domain Shopify store,Avada Top 500 Shopify Stores article,449,,,,,
300,coremelt.com,https://coremelt.com,More realistic for freelance/Fiverr outreach; filtered to remove obvious enterprise and celebrity mega-brands,Professional custom-domain Shopify store,Avada Top 500 Shopify Stores article,450,,,,,
301,blenderbottle.com,https://blenderbottle.com,More realistic for freelance/Fiverr outreach; filtered to remove obvious enterprise and celebrity mega-brands,Professional custom-domain Shopify store,Avada Top 500 Shopify Stores article,451,,,,,
302,g59recordsmerchandise.com,https://g59recordsmerchandise.com,More realistic for freelance/Fiverr outreach; filtered to remove obvious enterprise and celebrity mega-brands,Professional custom-domain Shopify store,Avada Top 500 Shopify Stores article,452,,,,,
303,proofreadingservices.com,https://proofreadingservices.com,More realistic for freelance/Fiverr outreach; filtered to remove obvious enterprise and celebrity mega-brands,Professional custom-domain Shopify store,Avada Top 500 Shopify Stores article,453,,,,,
304,arcticfoxhaircolor.com,https://arcticfoxhaircolor.com,More realistic for freelance/Fiverr outreach; filtered to remove obvious enterprise and celebrity mega-brands,Professional custom-domain Shopify store,Avada Top 500 Shopify Stores article,454,,,,,
305,nohowstyle.com,https://nohowstyle.com,More realistic for freelance/Fiverr outreach; filtered to remove obvious enterprise and celebrity mega-brands,Professional custom-domain Shopify store,Avada Top 500 Shopify Stores article,455,,,,,
306,aafnation.com,https://aafnation.com,More realistic for freelance/Fiverr outreach; filtered to remove obvious enterprise and celebrity mega-brands,Professional custom-domain Shopify store,Avada Top 500 Shopify Stores article,456,,,,,
307,themightymug.com,https://themightymug.com,More realistic for freelance/Fiverr outreach; filtered to remove obvious enterprise and celebrity mega-brands,Professional custom-domain Shopify store,Avada Top 500 Shopify Stores article,457,,,,,
308,treehut.co,https://treehut.co,More realistic for freelance/Fiverr outreach; filtered to remove obvious enterprise and celebrity mega-brands,Professional custom-domain Shopify store,Avada Top 500 Shopify Stores article,458,,,,,
309,umarexusa.com,https://umarexusa.com,More realistic for freelance/Fiverr outreach; filtered to remove obvious enterprise and celebrity mega-brands,Professional custom-domain Shopify store,Avada Top 500 Shopify Stores article,459,,,,,
310,wishatl.com,https://wishatl.com,More realistic for freelance/Fiverr outreach; filtered to remove obvious enterprise and celebrity mega-brands,Professional custom-domain Shopify store,Avada Top 500 Shopify Stores article,460,,,,,
311,brandspopper.com,https://brandspopper.com,More realistic for freelance/Fiverr outreach; filtered to remove obvious enterprise and celebrity mega-brands,Professional custom-domain Shopify store,Avada Top 500 Shopify Stores article,461,,,,,
312,heartratemonitorsusa.com,https://heartratemonitorsusa.com,More realistic for freelance/Fiverr outreach; filtered to remove obvious enterprise and celebrity mega-brands,Professional custom-domain Shopify store,Avada Top 500 Shopify Stores article,462,,,,,
313,lennylemons.com,https://lennylemons.com,More realistic for freelance/Fiverr outreach; filtered to remove obvious enterprise and celebrity mega-brands,Professional custom-domain Shopify store,Avada Top 500 Shopify Stores article,463,,,,,
314,lspace.com,https://lspace.com,More realistic for freelance/Fiverr outreach; filtered to remove obvious enterprise and celebrity mega-brands,Professional custom-domain Shopify store,Avada Top 500 Shopify Stores article,464,,,,,
315,fcpeffects.com,https://fcpeffects.com,More realistic for freelance/Fiverr outreach; filtered to remove obvious enterprise and celebrity mega-brands,Professional custom-domain Shopify store,Avada Top 500 Shopify Stores article,465,,,,,
316,nestbedding.com,https://nestbedding.com,More realistic for freelance/Fiverr outreach; filtered to remove obvious enterprise and celebrity mega-brands,Professional custom-domain Shopify store,Avada Top 500 Shopify Stores article,466,,,,,
317,daydesigner.com,https://daydesigner.com,More realistic for freelance/Fiverr outreach; filtered to remove obvious enterprise and celebrity mega-brands,Professional custom-domain Shopify store,Avada Top 500 Shopify Stores article,467,,,,,
318,biancachandon.com,https://biancachandon.com,More realistic for freelance/Fiverr outreach; filtered to remove obvious enterprise and celebrity mega-brands,Professional custom-domain Shopify store,Avada Top 500 Shopify Stores article,468,,,,,
319,essencemakeup.com,https://essencemakeup.com,More realistic for freelance/Fiverr outreach; filtered to remove obvious enterprise and celebrity mega-brands,Professional custom-domain Shopify store,Avada Top 500 Shopify Stores article,469,,,,,
320,babocush.com,https://babocush.com,More realistic for freelance/Fiverr outreach; filtered to remove obvious enterprise and celebrity mega-brands,Professional custom-domain Shopify store,Avada Top 500 Shopify Stores article,470,,,,,
321,carboncoco.com,https://carboncoco.com,More realistic for freelance/Fiverr outreach; filtered to remove obvious enterprise and celebrity mega-brands,Professional custom-domain Shopify store,Avada Top 500 Shopify Stores article,471,,,,,
322,herbivorebotanicals.com,https://herbivorebotanicals.com,More realistic for freelance/Fiverr outreach; filtered to remove obvious enterprise and celebrity mega-brands,Professional custom-domain Shopify store,Avada Top 500 Shopify Stores article,472,,,,,
323,baronfig.com,https://baronfig.com,More realistic for freelance/Fiverr outreach; filtered to remove obvious enterprise and celebrity mega-brands,Professional custom-domain Shopify store,Avada Top 500 Shopify Stores article,473,,,,,
324,tacticaldistributors.com,https://tacticaldistributors.com,More realistic for freelance/Fiverr outreach; filtered to remove obvious enterprise and celebrity mega-brands,Professional custom-domain Shopify store,Avada Top 500 Shopify Stores article,474,,,,,
325,ironandresin.com,https://ironandresin.com,More realistic for freelance/Fiverr outreach; filtered to remove obvious enterprise and celebrity mega-brands,Professional custom-domain Shopify store,Avada Top 500 Shopify Stores article,475,,,,,
326,blumaan.com,https://blumaan.com,More realistic for freelance/Fiverr outreach; filtered to remove obvious enterprise and celebrity mega-brands,Professional custom-domain Shopify store,Avada Top 500 Shopify Stores article,476,,,,,
327,hypland.com,https://hypland.com,More realistic for freelance/Fiverr outreach; filtered to remove obvious enterprise and celebrity mega-brands,Professional custom-domain Shopify store,Avada Top 500 Shopify Stores article,477,,,,,
328,alflahertys.com,https://alflahertys.com,More realistic for freelance/Fiverr outreach; filtered to remove obvious enterprise and celebrity mega-brands,Professional custom-domain Shopify store,Avada Top 500 Shopify Stores article,478,,,,,
329,radhabeauty.com,https://radhabeauty.com,More realistic for freelance/Fiverr outreach; filtered to remove obvious enterprise and celebrity mega-brands,Professional custom-domain Shopify store,Avada Top 500 Shopify Stores article,479,,,,,
