id,store_url,domain,platform,source
1,https://jeffsmith.myshopify.com,jeffsmith.myshopify.com,Shopify,GitHub Gist alexfilatov shopifystores.csv
2,https://kimmo.myshopify.com,kimmo.myshopify.com,Shopify,GitHub Gist alexfilatov shopifystores.csv
3,https://dorkbot.myshopify.com,dorkbot.myshopify.com,Shopify,GitHub Gist alexfilatov shopifystores.csv
4,https://mp3player.myshopify.com,mp3player.myshopify.com,Shopify,GitHub Gist alexfilatov shopifystores.csv
5,https://tiner.myshopify.com,tiner.myshopify.com,Shopify,GitHub Gist alexfilatov shopifystores.csv
6,https://pict.myshopify.com,pict.myshopify.com,Shopify,GitHub Gist alexfilatov shopifystores.csv
7,https://yarn.myshopify.com,yarn.myshopify.com,Shopify,GitHub Gist alexfilatov shopifystores.csv
8,https://cluworks.myshopify.com,cluworks.myshopify.com,Shopify,GitHub Gist alexfilatov shopifystores.csv
9,https://bomarks.myshopify.com,bomarks.myshopify.com,Shopify,GitHub Gist alexfilatov shopifystores.csv
10,https://vermont.myshopify.com,vermont.myshopify.com,Shopify,GitHub Gist alexfilatov shopifystores.csv
11,https://rawdog.myshopify.com,rawdog.myshopify.com,Shopify,GitHub Gist alexfilatov shopifystores.csv
12,https://hipslap.myshopify.com,hipslap.myshopify.com,Shopify,GitHub Gist alexfilatov shopifystores.csv
13,https://simplifive.myshopify.com,simplifive.myshopify.com,Shopify,GitHub Gist alexfilatov shopifystores.csv
14,https://andy.myshopify.com,andy.myshopify.com,Shopify,GitHub Gist alexfilatov shopifystores.csv
15,https://railkits.myshopify.com,railkits.myshopify.com,Shopify,GitHub Gist alexfilatov shopifystores.csv
16,https://enneagon.myshopify.com,enneagon.myshopify.com,Shopify,GitHub Gist alexfilatov shopifystores.csv
17,https://fotexnet.myshopify.com,fotexnet.myshopify.com,Shopify,GitHub Gist alexfilatov shopifystores.csv
18,https://jackbaty.myshopify.com,jackbaty.myshopify.com,Shopify,GitHub Gist alexfilatov shopifystores.csv
19,https://community.myshopify.com,community.myshopify.com,Shopify,GitHub Gist alexfilatov shopifystores.csv
20,https://resonet.myshopify.com,resonet.myshopify.com,Shopify,GitHub Gist alexfilatov shopifystores.csv
21,https://tickets.myshopify.com,tickets.myshopify.com,Shopify,GitHub Gist alexfilatov shopifystores.csv
22,https://vtlove.myshopify.com,vtlove.myshopify.com,Shopify,GitHub Gist alexfilatov shopifystores.csv
23,https://hcaquatics.myshopify.com,hcaquatics.myshopify.com,Shopify,GitHub Gist alexfilatov shopifystores.csv
24,https://cintoo.myshopify.com,cintoo.myshopify.com,Shopify,GitHub Gist alexfilatov shopifystores.csv
25,https://wispy.myshopify.com,wispy.myshopify.com,Shopify,GitHub Gist alexfilatov shopifystores.csv
26,https://classshiftself.myshopify.com,classshiftself.myshopify.com,Shopify,GitHub Gist alexfilatov shopifystores.csv
27,https://rujaded.myshopify.com,rujaded.myshopify.com,Shopify,GitHub Gist alexfilatov shopifystores.csv
28,https://cory.myshopify.com,cory.myshopify.com,Shopify,GitHub Gist alexfilatov shopifystores.csv
29,https://wekarma.myshopify.com,wekarma.myshopify.com,Shopify,GitHub Gist alexfilatov shopifystores.csv
30,https://discount.myshopify.com,discount.myshopify.com,Shopify,GitHub Gist alexfilatov shopifystores.csv
31,https://mildcare.myshopify.com,mildcare.myshopify.com,Shopify,GitHub Gist alexfilatov shopifystores.csv
32,https://latitudes.myshopify.com,latitudes.myshopify.com,Shopify,GitHub Gist alexfilatov shopifystores.csv
33,https://craftydevil.myshopify.com,craftydevil.myshopify.com,Shopify,GitHub Gist alexfilatov shopifystores.csv
34,https://cliquopoly.myshopify.com,cliquopoly.myshopify.com,Shopify,GitHub Gist alexfilatov shopifystores.csv
35,https://ahara.myshopify.com,ahara.myshopify.com,Shopify,GitHub Gist alexfilatov shopifystores.csv
36,https://mediatank.myshopify.com,mediatank.myshopify.com,Shopify,GitHub Gist alexfilatov shopifystores.csv
37,https://dmgsoftware.myshopify.com,dmgsoftware.myshopify.com,Shopify,GitHub Gist alexfilatov shopifystores.csv
38,https://exacq.myshopify.com,exacq.myshopify.com,Shopify,GitHub Gist alexfilatov shopifystores.csv
39,https://crocfrog.myshopify.com,crocfrog.myshopify.com,Shopify,GitHub Gist alexfilatov shopifystores.csv
40,https://cyberscape.myshopify.com,cyberscape.myshopify.com,Shopify,GitHub Gist alexfilatov shopifystores.csv
41,https://alancfrancis.myshopify.com,alancfrancis.myshopify.com,Shopify,GitHub Gist alexfilatov shopifystores.csv
42,https://weightless.myshopify.com,weightless.myshopify.com,Shopify,GitHub Gist alexfilatov shopifystores.csv
43,https://pixilate.myshopify.com,pixilate.myshopify.com,Shopify,GitHub Gist alexfilatov shopifystores.csv
44,https://fredag.myshopify.com,fredag.myshopify.com,Shopify,GitHub Gist alexfilatov shopifystores.csv
45,https://carboloader.myshopify.com,carboloader.myshopify.com,Shopify,GitHub Gist alexfilatov shopifystores.csv
46,https://microlink.myshopify.com,microlink.myshopify.com,Shopify,GitHub Gist alexfilatov shopifystores.csv
47,https://scheffey.myshopify.com,scheffey.myshopify.com,Shopify,GitHub Gist alexfilatov shopifystores.csv
48,https://home.myshopify.com,home.myshopify.com,Shopify,GitHub Gist alexfilatov shopifystores.csv
49,https://elandesign.myshopify.com,elandesign.myshopify.com,Shopify,GitHub Gist alexfilatov shopifystores.csv
50,https://embracepetinsurance.myshopify.com,embracepetinsurance.myshopify.com,Shopify,GitHub Gist alexfilatov shopifystores.csv
51,https://zero.myshopify.com,zero.myshopify.com,Shopify,GitHub Gist alexfilatov shopifystores.csv
52,https://wzph.myshopify.com,wzph.myshopify.com,Shopify,GitHub Gist alexfilatov shopifystores.csv
53,https://radsluk.myshopify.com,radsluk.myshopify.com,Shopify,GitHub Gist alexfilatov shopifystores.csv
54,https://brandamage.myshopify.com,brandamage.myshopify.com,Shopify,GitHub Gist alexfilatov shopifystores.csv
55,https://diegomenezes.myshopify.com,diegomenezes.myshopify.com,Shopify,GitHub Gist alexfilatov shopifystores.csv
56,https://janearlgarcia.myshopify.com,janearlgarcia.myshopify.com,Shopify,GitHub Gist alexfilatov shopifystores.csv
57,https://recolo.myshopify.com,recolo.myshopify.com,Shopify,GitHub Gist alexfilatov shopifystores.csv
58,https://saulweiner.myshopify.com,saulweiner.myshopify.com,Shopify,GitHub Gist alexfilatov shopifystores.csv
59,https://jain.myshopify.com,jain.myshopify.com,Shopify,GitHub Gist alexfilatov shopifystores.csv
60,https://ananda.myshopify.com,ananda.myshopify.com,Shopify,GitHub Gist alexfilatov shopifystores.csv
61,https://citronjaune.myshopify.com,citronjaune.myshopify.com,Shopify,GitHub Gist alexfilatov shopifystores.csv
62,https://cosmetiques.myshopify.com,cosmetiques.myshopify.com,Shopify,GitHub Gist alexfilatov shopifystores.csv
63,https://temdetudo.myshopify.com,temdetudo.myshopify.com,Shopify,GitHub Gist alexfilatov shopifystores.csv
64,https://kkaribu.myshopify.com,kkaribu.myshopify.com,Shopify,GitHub Gist alexfilatov shopifystores.csv
65,https://redferret.myshopify.com,redferret.myshopify.com,Shopify,GitHub Gist alexfilatov shopifystores.csv
66,https://commerce.myshopify.com,commerce.myshopify.com,Shopify,GitHub Gist alexfilatov shopifystores.csv
67,https://justpolos.myshopify.com,justpolos.myshopify.com,Shopify,GitHub Gist alexfilatov shopifystores.csv
68,https://sharpers.myshopify.com,sharpers.myshopify.com,Shopify,GitHub Gist alexfilatov shopifystores.csv
69,https://angantyr.myshopify.com,angantyr.myshopify.com,Shopify,GitHub Gist alexfilatov shopifystores.csv
70,https://physio.myshopify.com,physio.myshopify.com,Shopify,GitHub Gist alexfilatov shopifystores.csv
71,https://idano.myshopify.com,idano.myshopify.com,Shopify,GitHub Gist alexfilatov shopifystores.csv
72,https://goldenleafgallery.myshopify.com,goldenleafgallery.myshopify.com,Shopify,GitHub Gist alexfilatov shopifystores.csv
73,https://lowcarb.myshopify.com,lowcarb.myshopify.com,Shopify,GitHub Gist alexfilatov shopifystores.csv
74,https://trendwatching.myshopify.com,trendwatching.myshopify.com,Shopify,GitHub Gist alexfilatov shopifystores.csv
75,https://glidein.myshopify.com,glidein.myshopify.com,Shopify,GitHub Gist alexfilatov shopifystores.csv
76,https://jimmiejo.myshopify.com,jimmiejo.myshopify.com,Shopify,GitHub Gist alexfilatov shopifystores.csv
77,https://valuesworld.myshopify.com,valuesworld.myshopify.com,Shopify,GitHub Gist alexfilatov shopifystores.csv
78,https://matt.myshopify.com,matt.myshopify.com,Shopify,GitHub Gist alexfilatov shopifystores.csv
79,https://tomtom.myshopify.com,tomtom.myshopify.com,Shopify,GitHub Gist alexfilatov shopifystores.csv
80,https://pivotalclick.myshopify.com,pivotalclick.myshopify.com,Shopify,GitHub Gist alexfilatov shopifystores.csv
81,https://justhoodies.myshopify.com,justhoodies.myshopify.com,Shopify,GitHub Gist alexfilatov shopifystores.csv
82,https://nonfiction.myshopify.com,nonfiction.myshopify.com,Shopify,GitHub Gist alexfilatov shopifystores.csv
83,https://bodyvisual.myshopify.com,bodyvisual.myshopify.com,Shopify,GitHub Gist alexfilatov shopifystores.csv
84,https://volleum.myshopify.com,volleum.myshopify.com,Shopify,GitHub Gist alexfilatov shopifystores.csv
85,https://buyit.myshopify.com,buyit.myshopify.com,Shopify,GitHub Gist alexfilatov shopifystores.csv
86,https://lorenz.myshopify.com,lorenz.myshopify.com,Shopify,GitHub Gist alexfilatov shopifystores.csv
87,https://thrum.myshopify.com,thrum.myshopify.com,Shopify,GitHub Gist alexfilatov shopifystores.csv
88,https://redmoonclassic.myshopify.com,redmoonclassic.myshopify.com,Shopify,GitHub Gist alexfilatov shopifystores.csv
89,https://visualvandal.myshopify.com,visualvandal.myshopify.com,Shopify,GitHub Gist alexfilatov shopifystores.csv
90,https://commonscents.myshopify.com,commonscents.myshopify.com,Shopify,GitHub Gist alexfilatov shopifystores.csv
91,https://mars.myshopify.com,mars.myshopify.com,Shopify,GitHub Gist alexfilatov shopifystores.csv
92,https://acme.myshopify.com,acme.myshopify.com,Shopify,GitHub Gist alexfilatov shopifystores.csv
93,https://calidad3.myshopify.com,calidad3.myshopify.com,Shopify,GitHub Gist alexfilatov shopifystores.csv
94,https://umbrella.myshopify.com,umbrella.myshopify.com,Shopify,GitHub Gist alexfilatov shopifystores.csv
95,https://attiksystem.myshopify.com,attiksystem.myshopify.com,Shopify,GitHub Gist alexfilatov shopifystores.csv
96,https://thebazaar.myshopify.com,thebazaar.myshopify.com,Shopify,GitHub Gist alexfilatov shopifystores.csv
97,https://hdkaxis.myshopify.com,hdkaxis.myshopify.com,Shopify,GitHub Gist alexfilatov shopifystores.csv
98,https://chardy.myshopify.com,chardy.myshopify.com,Shopify,GitHub Gist alexfilatov shopifystores.csv
99,https://smart.myshopify.com,smart.myshopify.com,Shopify,GitHub Gist alexfilatov shopifystores.csv
100,https://ubergirl.myshopify.com,ubergirl.myshopify.com,Shopify,GitHub Gist alexfilatov shopifystores.csv
101,https://apedog.myshopify.com,apedog.myshopify.com,Shopify,GitHub Gist alexfilatov shopifystores.csv
102,https://tristan.myshopify.com,tristan.myshopify.com,Shopify,GitHub Gist alexfilatov shopifystores.csv
103,https://negativehorizon.myshopify.com,negativehorizon.myshopify.com,Shopify,GitHub Gist alexfilatov shopifystores.csv
104,https://kusor.myshopify.com,kusor.myshopify.com,Shopify,GitHub Gist alexfilatov shopifystores.csv
105,https://jfig.myshopify.com,jfig.myshopify.com,Shopify,GitHub Gist alexfilatov shopifystores.csv
106,https://liddelton.myshopify.com,liddelton.myshopify.com,Shopify,GitHub Gist alexfilatov shopifystores.csv
107,https://syndicate.myshopify.com,syndicate.myshopify.com,Shopify,GitHub Gist alexfilatov shopifystores.csv
108,https://fairtradeproducts.myshopify.com,fairtradeproducts.myshopify.com,Shopify,GitHub Gist alexfilatov shopifystores.csv
109,https://isimple.myshopify.com,isimple.myshopify.com,Shopify,GitHub Gist alexfilatov shopifystores.csv
110,https://jordi.myshopify.com,jordi.myshopify.com,Shopify,GitHub Gist alexfilatov shopifystores.csv
111,https://rocketboymedia.myshopify.com,rocketboymedia.myshopify.com,Shopify,GitHub Gist alexfilatov shopifystores.csv
112,https://verylights.myshopify.com,verylights.myshopify.com,Shopify,GitHub Gist alexfilatov shopifystores.csv
113,https://matias.myshopify.com,matias.myshopify.com,Shopify,GitHub Gist alexfilatov shopifystores.csv
114,https://thingz.myshopify.com,thingz.myshopify.com,Shopify,GitHub Gist alexfilatov shopifystores.csv
115,https://zabada.myshopify.com,zabada.myshopify.com,Shopify,GitHub Gist alexfilatov shopifystores.csv
116,https://esther.myshopify.com,esther.myshopify.com,Shopify,GitHub Gist alexfilatov shopifystores.csv
117,https://thedeli.myshopify.com,thedeli.myshopify.com,Shopify,GitHub Gist alexfilatov shopifystores.csv
118,https://oyam.myshopify.com,oyam.myshopify.com,Shopify,GitHub Gist alexfilatov shopifystores.csv
119,https://tsunammis.myshopify.com,tsunammis.myshopify.com,Shopify,GitHub Gist alexfilatov shopifystores.csv
120,https://gopoints.myshopify.com,gopoints.myshopify.com,Shopify,GitHub Gist alexfilatov shopifystores.csv
121,https://alexisamien.myshopify.com,alexisamien.myshopify.com,Shopify,GitHub Gist alexfilatov shopifystores.csv
122,https://alanastardust.myshopify.com,alanastardust.myshopify.com,Shopify,GitHub Gist alexfilatov shopifystores.csv
123,https://roserouge.myshopify.com,roserouge.myshopify.com,Shopify,GitHub Gist alexfilatov shopifystores.csv
124,https://malungo.myshopify.com,malungo.myshopify.com,Shopify,GitHub Gist alexfilatov shopifystores.csv
125,https://baileys.myshopify.com,baileys.myshopify.com,Shopify,GitHub Gist alexfilatov shopifystores.csv
126,https://felt.myshopify.com,felt.myshopify.com,Shopify,GitHub Gist alexfilatov shopifystores.csv
127,https://jeep.myshopify.com,jeep.myshopify.com,Shopify,GitHub Gist alexfilatov shopifystores.csv
128,https://disquesreso.myshopify.com,disquesreso.myshopify.com,Shopify,GitHub Gist alexfilatov shopifystores.csv
129,https://blossom.myshopify.com,blossom.myshopify.com,Shopify,GitHub Gist alexfilatov shopifystores.csv
130,https://sanctus.myshopify.com,sanctus.myshopify.com,Shopify,GitHub Gist alexfilatov shopifystores.csv
131,https://ctran.myshopify.com,ctran.myshopify.com,Shopify,GitHub Gist alexfilatov shopifystores.csv
132,https://loveu.myshopify.com,loveu.myshopify.com,Shopify,GitHub Gist alexfilatov shopifystores.csv
133,https://seedandbean.myshopify.com,seedandbean.myshopify.com,Shopify,GitHub Gist alexfilatov shopifystores.csv
134,https://chaussures.myshopify.com,chaussures.myshopify.com,Shopify,GitHub Gist alexfilatov shopifystores.csv
135,https://siglerdesign.myshopify.com,siglerdesign.myshopify.com,Shopify,GitHub Gist alexfilatov shopifystores.csv
136,https://theprogressbar.myshopify.com,theprogressbar.myshopify.com,Shopify,GitHub Gist alexfilatov shopifystores.csv
137,https://specialtingle.myshopify.com,specialtingle.myshopify.com,Shopify,GitHub Gist alexfilatov shopifystores.csv
138,https://brokekid.myshopify.com,brokekid.myshopify.com,Shopify,GitHub Gist alexfilatov shopifystores.csv
139,https://secondstar.myshopify.com,secondstar.myshopify.com,Shopify,GitHub Gist alexfilatov shopifystores.csv
140,https://cherryontop.myshopify.com,cherryontop.myshopify.com,Shopify,GitHub Gist alexfilatov shopifystores.csv
141,https://freshkarma.myshopify.com,freshkarma.myshopify.com,Shopify,GitHub Gist alexfilatov shopifystores.csv
142,https://groovysoup.myshopify.com,groovysoup.myshopify.com,Shopify,GitHub Gist alexfilatov shopifystores.csv
143,https://llama.myshopify.com,llama.myshopify.com,Shopify,GitHub Gist alexfilatov shopifystores.csv
144,https://shirtshop.myshopify.com,shirtshop.myshopify.com,Shopify,GitHub Gist alexfilatov shopifystores.csv
145,https://felipemesquita.myshopify.com,felipemesquita.myshopify.com,Shopify,GitHub Gist alexfilatov shopifystores.csv
146,https://efficiency.myshopify.com,efficiency.myshopify.com,Shopify,GitHub Gist alexfilatov shopifystores.csv
147,https://terramater.myshopify.com,terramater.myshopify.com,Shopify,GitHub Gist alexfilatov shopifystores.csv
148,https://etruta.myshopify.com,etruta.myshopify.com,Shopify,GitHub Gist alexfilatov shopifystores.csv
149,https://pete.myshopify.com,pete.myshopify.com,Shopify,GitHub Gist alexfilatov shopifystores.csv
150,https://blackpoppy.myshopify.com,blackpoppy.myshopify.com,Shopify,GitHub Gist alexfilatov shopifystores.csv
151,https://flornet.myshopify.com,flornet.myshopify.com,Shopify,GitHub Gist alexfilatov shopifystores.csv
152,https://df1photography.myshopify.com,df1photography.myshopify.com,Shopify,GitHub Gist alexfilatov shopifystores.csv
153,https://crackunit.myshopify.com,crackunit.myshopify.com,Shopify,GitHub Gist alexfilatov shopifystores.csv
154,https://hodgeandpodge.myshopify.com,hodgeandpodge.myshopify.com,Shopify,GitHub Gist alexfilatov shopifystores.csv
155,https://buying.myshopify.com,buying.myshopify.com,Shopify,GitHub Gist alexfilatov shopifystores.csv
156,https://emc2.myshopify.com,emc2.myshopify.com,Shopify,GitHub Gist alexfilatov shopifystores.csv
157,https://parutionsislamiques.myshopify.com,parutionsislamiques.myshopify.com,Shopify,GitHub Gist alexfilatov shopifystores.csv
158,https://movingpictures.myshopify.com,movingpictures.myshopify.com,Shopify,GitHub Gist alexfilatov shopifystores.csv
159,https://trypp.myshopify.com,trypp.myshopify.com,Shopify,GitHub Gist alexfilatov shopifystores.csv
160,https://kirstenmuenster.myshopify.com,kirstenmuenster.myshopify.com,Shopify,GitHub Gist alexfilatov shopifystores.csv
161,https://vilago.myshopify.com,vilago.myshopify.com,Shopify,GitHub Gist alexfilatov shopifystores.csv
162,https://smartermatters.myshopify.com,smartermatters.myshopify.com,Shopify,GitHub Gist alexfilatov shopifystores.csv
163,https://metadot.myshopify.com,metadot.myshopify.com,Shopify,GitHub Gist alexfilatov shopifystores.csv
164,https://stup.myshopify.com,stup.myshopify.com,Shopify,GitHub Gist alexfilatov shopifystores.csv
165,https://eurocss.myshopify.com,eurocss.myshopify.com,Shopify,GitHub Gist alexfilatov shopifystores.csv
166,https://virtualkid.myshopify.com,virtualkid.myshopify.com,Shopify,GitHub Gist alexfilatov shopifystores.csv
167,https://moresolutions.myshopify.com,moresolutions.myshopify.com,Shopify,GitHub Gist alexfilatov shopifystores.csv
168,https://woobiebath.myshopify.com,woobiebath.myshopify.com,Shopify,GitHub Gist alexfilatov shopifystores.csv
169,https://kwmr.myshopify.com,kwmr.myshopify.com,Shopify,GitHub Gist alexfilatov shopifystores.csv
170,https://boeboe.myshopify.com,boeboe.myshopify.com,Shopify,GitHub Gist alexfilatov shopifystores.csv
171,https://preston.myshopify.com,preston.myshopify.com,Shopify,GitHub Gist alexfilatov shopifystores.csv
172,https://ethanator101.myshopify.com,ethanator101.myshopify.com,Shopify,GitHub Gist alexfilatov shopifystores.csv
173,https://wish.myshopify.com,wish.myshopify.com,Shopify,GitHub Gist alexfilatov shopifystores.csv
174,https://tietuesdays.myshopify.com,tietuesdays.myshopify.com,Shopify,GitHub Gist alexfilatov shopifystores.csv
175,https://gold.myshopify.com,gold.myshopify.com,Shopify,GitHub Gist alexfilatov shopifystores.csv
176,https://designquest.myshopify.com,designquest.myshopify.com,Shopify,GitHub Gist alexfilatov shopifystores.csv
177,https://tomoaki.myshopify.com,tomoaki.myshopify.com,Shopify,GitHub Gist alexfilatov shopifystores.csv
178,https://truegraphik.myshopify.com,truegraphik.myshopify.com,Shopify,GitHub Gist alexfilatov shopifystores.csv
179,https://invasion.myshopify.com,invasion.myshopify.com,Shopify,GitHub Gist alexfilatov shopifystores.csv
180,https://bgramer.myshopify.com,bgramer.myshopify.com,Shopify,GitHub Gist alexfilatov shopifystores.csv
181,https://gems.myshopify.com,gems.myshopify.com,Shopify,GitHub Gist alexfilatov shopifystores.csv
182,https://ukiyo.myshopify.com,ukiyo.myshopify.com,Shopify,GitHub Gist alexfilatov shopifystores.csv
183,https://towerkraut.myshopify.com,towerkraut.myshopify.com,Shopify,GitHub Gist alexfilatov shopifystores.csv
184,https://montgomery.myshopify.com,montgomery.myshopify.com,Shopify,GitHub Gist alexfilatov shopifystores.csv
185,https://xurde.myshopify.com,xurde.myshopify.com,Shopify,GitHub Gist alexfilatov shopifystores.csv
186,http://www.yarnzen.com,www.yarnzen.com,Shopify,GitHub Gist alexfilatov shopifystores.csv
187,https://adaptive.myshopify.com,adaptive.myshopify.com,Shopify,GitHub Gist alexfilatov shopifystores.csv
188,https://z720.myshopify.com,z720.myshopify.com,Shopify,GitHub Gist alexfilatov shopifystores.csv
189,https://dmlab.myshopify.com,dmlab.myshopify.com,Shopify,GitHub Gist alexfilatov shopifystores.csv
190,https://greatbeershirts.myshopify.com,greatbeershirts.myshopify.com,Shopify,GitHub Gist alexfilatov shopifystores.csv
191,https://milus.myshopify.com,milus.myshopify.com,Shopify,GitHub Gist alexfilatov shopifystores.csv
192,https://nyunet.myshopify.com,nyunet.myshopify.com,Shopify,GitHub Gist alexfilatov shopifystores.csv
193,https://monstermonster.myshopify.com,monstermonster.myshopify.com,Shopify,GitHub Gist alexfilatov shopifystores.csv
194,https://sidewalk.myshopify.com,sidewalk.myshopify.com,Shopify,GitHub Gist alexfilatov shopifystores.csv
195,https://hellcar.myshopify.com,hellcar.myshopify.com,Shopify,GitHub Gist alexfilatov shopifystores.csv
196,https://dinoinc.myshopify.com,dinoinc.myshopify.com,Shopify,GitHub Gist alexfilatov shopifystores.csv
197,https://smartproducts.myshopify.com,smartproducts.myshopify.com,Shopify,GitHub Gist alexfilatov shopifystores.csv
198,https://laquettecorse.myshopify.com,laquettecorse.myshopify.com,Shopify,GitHub Gist alexfilatov shopifystores.csv
199,https://hermitagegardens.myshopify.com,hermitagegardens.myshopify.com,Shopify,GitHub Gist alexfilatov shopifystores.csv
200,https://flesk.myshopify.com,flesk.myshopify.com,Shopify,GitHub Gist alexfilatov shopifystores.csv
201,https://loktech.myshopify.com,loktech.myshopify.com,Shopify,GitHub Gist alexfilatov shopifystores.csv
202,https://cosplay.myshopify.com,cosplay.myshopify.com,Shopify,GitHub Gist alexfilatov shopifystores.csv
203,https://notasausage.myshopify.com,notasausage.myshopify.com,Shopify,GitHub Gist alexfilatov shopifystores.csv
204,https://wmrx.myshopify.com,wmrx.myshopify.com,Shopify,GitHub Gist alexfilatov shopifystores.csv
205,https://brahma.myshopify.com,brahma.myshopify.com,Shopify,GitHub Gist alexfilatov shopifystores.csv
206,https://coupon.myshopify.com,coupon.myshopify.com,Shopify,GitHub Gist alexfilatov shopifystores.csv
207,https://jack.myshopify.com,jack.myshopify.com,Shopify,GitHub Gist alexfilatov shopifystores.csv
208,https://www.oybaby.com,www.oybaby.com,Shopify,GitHub Gist alexfilatov shopifystores.csv
209,https://coupons.myshopify.com,coupons.myshopify.com,Shopify,GitHub Gist alexfilatov shopifystores.csv
210,https://getconnected.myshopify.com,getconnected.myshopify.com,Shopify,GitHub Gist alexfilatov shopifystores.csv
211,https://pxcomm.myshopify.com,pxcomm.myshopify.com,Shopify,GitHub Gist alexfilatov shopifystores.csv
212,https://bill.myshopify.com,bill.myshopify.com,Shopify,GitHub Gist alexfilatov shopifystores.csv
213,http://shop.megamvb.net,shop.megamvb.net,Shopify,GitHub Gist alexfilatov shopifystores.csv
214,https://allelectronics.myshopify.com,allelectronics.myshopify.com,Shopify,GitHub Gist alexfilatov shopifystores.csv
215,https://buyandsell.myshopify.com,buyandsell.myshopify.com,Shopify,GitHub Gist alexfilatov shopifystores.csv
216,https://domains.myshopify.com,domains.myshopify.com,Shopify,GitHub Gist alexfilatov shopifystores.csv
217,https://themacespace.myshopify.com,themacespace.myshopify.com,Shopify,GitHub Gist alexfilatov shopifystores.csv
218,https://sparkling.myshopify.com,sparkling.myshopify.com,Shopify,GitHub Gist alexfilatov shopifystores.csv
219,https://express.myshopify.com,express.myshopify.com,Shopify,GitHub Gist alexfilatov shopifystores.csv
220,https://starcarrier.myshopify.com,starcarrier.myshopify.com,Shopify,GitHub Gist alexfilatov shopifystores.csv
221,https://culturezoo.myshopify.com,culturezoo.myshopify.com,Shopify,GitHub Gist alexfilatov shopifystores.csv
222,https://betageek.myshopify.com,betageek.myshopify.com,Shopify,GitHub Gist alexfilatov shopifystores.csv
223,https://palmstedt.myshopify.com,palmstedt.myshopify.com,Shopify,GitHub Gist alexfilatov shopifystores.csv
224,https://marc.myshopify.com,marc.myshopify.com,Shopify,GitHub Gist alexfilatov shopifystores.csv
225,https://fusedmusic.myshopify.com,fusedmusic.myshopify.com,Shopify,GitHub Gist alexfilatov shopifystores.csv
226,https://framiere.myshopify.com,framiere.myshopify.com,Shopify,GitHub Gist alexfilatov shopifystores.csv
227,https://stylr.myshopify.com,stylr.myshopify.com,Shopify,GitHub Gist alexfilatov shopifystores.csv
228,https://nogginfodder.myshopify.com,nogginfodder.myshopify.com,Shopify,GitHub Gist alexfilatov shopifystores.csv
229,https://blue.myshopify.com,blue.myshopify.com,Shopify,GitHub Gist alexfilatov shopifystores.csv
230,https://joes.myshopify.com,joes.myshopify.com,Shopify,GitHub Gist alexfilatov shopifystores.csv
231,https://mugs.myshopify.com,mugs.myshopify.com,Shopify,GitHub Gist alexfilatov shopifystores.csv
232,https://orolus.myshopify.com,orolus.myshopify.com,Shopify,GitHub Gist alexfilatov shopifystores.csv
233,https://rwl4.myshopify.com,rwl4.myshopify.com,Shopify,GitHub Gist alexfilatov shopifystores.csv
234,https://rapacaffe.myshopify.com,rapacaffe.myshopify.com,Shopify,GitHub Gist alexfilatov shopifystores.csv
235,https://rusty.myshopify.com,rusty.myshopify.com,Shopify,GitHub Gist alexfilatov shopifystores.csv
236,https://maxtrum.myshopify.com,maxtrum.myshopify.com,Shopify,GitHub Gist alexfilatov shopifystores.csv
237,https://nareau.myshopify.com,nareau.myshopify.com,Shopify,GitHub Gist alexfilatov shopifystores.csv
238,https://kyanmedia.myshopify.com,kyanmedia.myshopify.com,Shopify,GitHub Gist alexfilatov shopifystores.csv
239,https://jordan.myshopify.com,jordan.myshopify.com,Shopify,GitHub Gist alexfilatov shopifystores.csv
240,https://cellfoodcenter.myshopify.com,cellfoodcenter.myshopify.com,Shopify,GitHub Gist alexfilatov shopifystores.csv
241,https://nanomonkey.myshopify.com,nanomonkey.myshopify.com,Shopify,GitHub Gist alexfilatov shopifystores.csv
242,https://myagent.myshopify.com,myagent.myshopify.com,Shopify,GitHub Gist alexfilatov shopifystores.csv
243,https://barrie.myshopify.com,barrie.myshopify.com,Shopify,GitHub Gist alexfilatov shopifystores.csv
244,https://onenation.myshopify.com,onenation.myshopify.com,Shopify,GitHub Gist alexfilatov shopifystores.csv
245,https://fabrice.myshopify.com,fabrice.myshopify.com,Shopify,GitHub Gist alexfilatov shopifystores.csv
246,https://mystuff.myshopify.com,mystuff.myshopify.com,Shopify,GitHub Gist alexfilatov shopifystores.csv
247,https://chuck.myshopify.com,chuck.myshopify.com,Shopify,GitHub Gist alexfilatov shopifystores.csv
248,https://blinking8s.myshopify.com,blinking8s.myshopify.com,Shopify,GitHub Gist alexfilatov shopifystores.csv
249,https://saybol.myshopify.com,saybol.myshopify.com,Shopify,GitHub Gist alexfilatov shopifystores.csv
250,https://davessupershop.myshopify.com,davessupershop.myshopify.com,Shopify,GitHub Gist alexfilatov shopifystores.csv
251,https://graphika.myshopify.com,graphika.myshopify.com,Shopify,GitHub Gist alexfilatov shopifystores.csv
252,https://chameleon.myshopify.com,chameleon.myshopify.com,Shopify,GitHub Gist alexfilatov shopifystores.csv
253,https://lightkitchen.myshopify.com,lightkitchen.myshopify.com,Shopify,GitHub Gist alexfilatov shopifystores.csv
254,https://abeyang.myshopify.com,abeyang.myshopify.com,Shopify,GitHub Gist alexfilatov shopifystores.csv
255,https://taxes.myshopify.com,taxes.myshopify.com,Shopify,GitHub Gist alexfilatov shopifystores.csv
256,https://magballs.myshopify.com,magballs.myshopify.com,Shopify,GitHub Gist alexfilatov shopifystores.csv
257,https://gabstore.myshopify.com,gabstore.myshopify.com,Shopify,GitHub Gist alexfilatov shopifystores.csv
258,https://frostizz.myshopify.com,frostizz.myshopify.com,Shopify,GitHub Gist alexfilatov shopifystores.csv
259,https://alvin.myshopify.com,alvin.myshopify.com,Shopify,GitHub Gist alexfilatov shopifystores.csv
260,https://triodeco.myshopify.com,triodeco.myshopify.com,Shopify,GitHub Gist alexfilatov shopifystores.csv
261,https://thoughtchamber.myshopify.com,thoughtchamber.myshopify.com,Shopify,GitHub Gist alexfilatov shopifystores.csv
262,https://toomuchgravy.myshopify.com,toomuchgravy.myshopify.com,Shopify,GitHub Gist alexfilatov shopifystores.csv
263,https://sandinonet.myshopify.com,sandinonet.myshopify.com,Shopify,GitHub Gist alexfilatov shopifystores.csv
264,https://futureford.myshopify.com,futureford.myshopify.com,Shopify,GitHub Gist alexfilatov shopifystores.csv
265,https://lifedraft.myshopify.com,lifedraft.myshopify.com,Shopify,GitHub Gist alexfilatov shopifystores.csv
266,https://jaustin.myshopify.com,jaustin.myshopify.com,Shopify,GitHub Gist alexfilatov shopifystores.csv
267,https://fandb.myshopify.com,fandb.myshopify.com,Shopify,GitHub Gist alexfilatov shopifystores.csv
268,https://ironmantis.myshopify.com,ironmantis.myshopify.com,Shopify,GitHub Gist alexfilatov shopifystores.csv
269,https://agroots.myshopify.com,agroots.myshopify.com,Shopify,GitHub Gist alexfilatov shopifystores.csv
270,https://davidlevy.myshopify.com,davidlevy.myshopify.com,Shopify,GitHub Gist alexfilatov shopifystores.csv
271,https://gavin.myshopify.com,gavin.myshopify.com,Shopify,GitHub Gist alexfilatov shopifystores.csv
272,https://soporgas.myshopify.com,soporgas.myshopify.com,Shopify,GitHub Gist alexfilatov shopifystores.csv
273,https://rule13.myshopify.com,rule13.myshopify.com,Shopify,GitHub Gist alexfilatov shopifystores.csv
274,https://nsecret.myshopify.com,nsecret.myshopify.com,Shopify,GitHub Gist alexfilatov shopifystores.csv
275,https://jamiesstuff.myshopify.com,jamiesstuff.myshopify.com,Shopify,GitHub Gist alexfilatov shopifystores.csv
276,https://owocki.myshopify.com,owocki.myshopify.com,Shopify,GitHub Gist alexfilatov shopifystores.csv
277,https://myboekrak.myshopify.com,myboekrak.myshopify.com,Shopify,GitHub Gist alexfilatov shopifystores.csv
278,https://shakerdesigns.myshopify.com,shakerdesigns.myshopify.com,Shopify,GitHub Gist alexfilatov shopifystores.csv
279,https://baberaham.myshopify.com,baberaham.myshopify.com,Shopify,GitHub Gist alexfilatov shopifystores.csv
280,https://cuddlyzone.myshopify.com,cuddlyzone.myshopify.com,Shopify,GitHub Gist alexfilatov shopifystores.csv
281,https://artworx.myshopify.com,artworx.myshopify.com,Shopify,GitHub Gist alexfilatov shopifystores.csv
282,https://fredix.myshopify.com,fredix.myshopify.com,Shopify,GitHub Gist alexfilatov shopifystores.csv
283,https://paintings.myshopify.com,paintings.myshopify.com,Shopify,GitHub Gist alexfilatov shopifystores.csv
284,https://davioke.myshopify.com,davioke.myshopify.com,Shopify,GitHub Gist alexfilatov shopifystores.csv
285,https://oracolus.myshopify.com,oracolus.myshopify.com,Shopify,GitHub Gist alexfilatov shopifystores.csv
286,https://svje.myshopify.com,svje.myshopify.com,Shopify,GitHub Gist alexfilatov shopifystores.csv
287,https://invent.myshopify.com,invent.myshopify.com,Shopify,GitHub Gist alexfilatov shopifystores.csv
288,https://fatboythin.myshopify.com,fatboythin.myshopify.com,Shopify,GitHub Gist alexfilatov shopifystores.csv
289,https://artisanfood.myshopify.com,artisanfood.myshopify.com,Shopify,GitHub Gist alexfilatov shopifystores.csv
290,https://religiousidol.myshopify.com,religiousidol.myshopify.com,Shopify,GitHub Gist alexfilatov shopifystores.csv
291,https://snakebites.myshopify.com,snakebites.myshopify.com,Shopify,GitHub Gist alexfilatov shopifystores.csv
292,https://yanin.myshopify.com,yanin.myshopify.com,Shopify,GitHub Gist alexfilatov shopifystores.csv
293,https://myrtlednene.myshopify.com,myrtlednene.myshopify.com,Shopify,GitHub Gist alexfilatov shopifystores.csv
294,https://channelutv.myshopify.com,channelutv.myshopify.com,Shopify,GitHub Gist alexfilatov shopifystores.csv
295,https://getty.myshopify.com,getty.myshopify.com,Shopify,GitHub Gist alexfilatov shopifystores.csv
296,https://galilee.myshopify.com,galilee.myshopify.com,Shopify,GitHub Gist alexfilatov shopifystores.csv
297,https://baby-energy.myshopify.com,baby-energy.myshopify.com,Shopify,GitHub Gist alexfilatov shopifystores.csv
298,https://basement.myshopify.com,basement.myshopify.com,Shopify,GitHub Gist alexfilatov shopifystores.csv
299,https://behindtheeye.myshopify.com,behindtheeye.myshopify.com,Shopify,GitHub Gist alexfilatov shopifystores.csv
300,https://bananas.myshopify.com,bananas.myshopify.com,Shopify,GitHub Gist alexfilatov shopifystores.csv
301,https://lures.myshopify.com,lures.myshopify.com,Shopify,GitHub Gist alexfilatov shopifystores.csv
302,https://jbstuff.myshopify.com,jbstuff.myshopify.com,Shopify,GitHub Gist alexfilatov shopifystores.csv
303,https://ipodmania.myshopify.com,ipodmania.myshopify.com,Shopify,GitHub Gist alexfilatov shopifystores.csv
304,https://ejfox.myshopify.com,ejfox.myshopify.com,Shopify,GitHub Gist alexfilatov shopifystores.csv
305,https://cider.myshopify.com,cider.myshopify.com,Shopify,GitHub Gist alexfilatov shopifystores.csv
306,https://brulerieduquai.myshopify.com,brulerieduquai.myshopify.com,Shopify,GitHub Gist alexfilatov shopifystores.csv
307,https://vaultin.myshopify.com,vaultin.myshopify.com,Shopify,GitHub Gist alexfilatov shopifystores.csv
308,https://wellbundledbaby.myshopify.com,wellbundledbaby.myshopify.com,Shopify,GitHub Gist alexfilatov shopifystores.csv
309,https://trademark.myshopify.com,trademark.myshopify.com,Shopify,GitHub Gist alexfilatov shopifystores.csv
310,https://cheekwood.myshopify.com,cheekwood.myshopify.com,Shopify,GitHub Gist alexfilatov shopifystores.csv
311,https://rahimali.myshopify.com,rahimali.myshopify.com,Shopify,GitHub Gist alexfilatov shopifystores.csv
312,https://mhdev.myshopify.com,mhdev.myshopify.com,Shopify,GitHub Gist alexfilatov shopifystores.csv
313,https://officeguild.myshopify.com,officeguild.myshopify.com,Shopify,GitHub Gist alexfilatov shopifystores.csv
314,https://jeremy.myshopify.com,jeremy.myshopify.com,Shopify,GitHub Gist alexfilatov shopifystores.csv
315,https://justamemo.myshopify.com,justamemo.myshopify.com,Shopify,GitHub Gist alexfilatov shopifystores.csv
316,https://marseye.myshopify.com,marseye.myshopify.com,Shopify,GitHub Gist alexfilatov shopifystores.csv
317,https://poppies.myshopify.com,poppies.myshopify.com,Shopify,GitHub Gist alexfilatov shopifystores.csv
318,https://rinklefree.myshopify.com,rinklefree.myshopify.com,Shopify,GitHub Gist alexfilatov shopifystores.csv
319,https://sleepyhead.myshopify.com,sleepyhead.myshopify.com,Shopify,GitHub Gist alexfilatov shopifystores.csv
320,https://buddhababy.myshopify.com,buddhababy.myshopify.com,Shopify,GitHub Gist alexfilatov shopifystores.csv
321,https://vortexportal.myshopify.com,vortexportal.myshopify.com,Shopify,GitHub Gist alexfilatov shopifystores.csv
322,https://pepperspray.myshopify.com,pepperspray.myshopify.com,Shopify,GitHub Gist alexfilatov shopifystores.csv
323,https://xemion.myshopify.com,xemion.myshopify.com,Shopify,GitHub Gist alexfilatov shopifystores.csv
324,https://slorr.myshopify.com,slorr.myshopify.com,Shopify,GitHub Gist alexfilatov shopifystores.csv
325,https://romain.myshopify.com,romain.myshopify.com,Shopify,GitHub Gist alexfilatov shopifystores.csv
326,https://betterstuff.myshopify.com,betterstuff.myshopify.com,Shopify,GitHub Gist alexfilatov shopifystores.csv
327,https://byag.myshopify.com,byag.myshopify.com,Shopify,GitHub Gist alexfilatov shopifystores.csv
328,https://expositores.myshopify.com,expositores.myshopify.com,Shopify,GitHub Gist alexfilatov shopifystores.csv
329,https://andr3s.myshopify.com,andr3s.myshopify.com,Shopify,GitHub Gist alexfilatov shopifystores.csv
330,https://backpack.myshopify.com,backpack.myshopify.com,Shopify,GitHub Gist alexfilatov shopifystores.csv
331,https://jamba.myshopify.com,jamba.myshopify.com,Shopify,GitHub Gist alexfilatov shopifystores.csv
332,https://nxtshop.myshopify.com,nxtshop.myshopify.com,Shopify,GitHub Gist alexfilatov shopifystores.csv
333,https://sprouteats.myshopify.com,sprouteats.myshopify.com,Shopify,GitHub Gist alexfilatov shopifystores.csv
334,https://sjors.myshopify.com,sjors.myshopify.com,Shopify,GitHub Gist alexfilatov shopifystores.csv
335,https://vault.myshopify.com,vault.myshopify.com,Shopify,GitHub Gist alexfilatov shopifystores.csv
336,https://blissdev.myshopify.com,blissdev.myshopify.com,Shopify,GitHub Gist alexfilatov shopifystores.csv
337,https://songbirdmerchtable.myshopify.com,songbirdmerchtable.myshopify.com,Shopify,GitHub Gist alexfilatov shopifystores.csv
338,https://magicarsenal.myshopify.com,magicarsenal.myshopify.com,Shopify,GitHub Gist alexfilatov shopifystores.csv
339,https://simspeed.myshopify.com,simspeed.myshopify.com,Shopify,GitHub Gist alexfilatov shopifystores.csv
340,https://projectx.myshopify.com,projectx.myshopify.com,Shopify,GitHub Gist alexfilatov shopifystores.csv
341,https://upinc.myshopify.com,upinc.myshopify.com,Shopify,GitHub Gist alexfilatov shopifystores.csv
342,https://cameron.myshopify.com,cameron.myshopify.com,Shopify,GitHub Gist alexfilatov shopifystores.csv
343,https://marox.myshopify.com,marox.myshopify.com,Shopify,GitHub Gist alexfilatov shopifystores.csv
344,https://traderjoe.myshopify.com,traderjoe.myshopify.com,Shopify,GitHub Gist alexfilatov shopifystores.csv
345,https://brokenshard.myshopify.com,brokenshard.myshopify.com,Shopify,GitHub Gist alexfilatov shopifystores.csv
346,https://domotic.myshopify.com,domotic.myshopify.com,Shopify,GitHub Gist alexfilatov shopifystores.csv
347,https://java.myshopify.com,java.myshopify.com,Shopify,GitHub Gist alexfilatov shopifystores.csv
348,https://pictures.myshopify.com,pictures.myshopify.com,Shopify,GitHub Gist alexfilatov shopifystores.csv
349,https://extendi.myshopify.com,extendi.myshopify.com,Shopify,GitHub Gist alexfilatov shopifystores.csv
350,https://wibbler.myshopify.com,wibbler.myshopify.com,Shopify,GitHub Gist alexfilatov shopifystores.csv
351,https://tasteteez.myshopify.com,tasteteez.myshopify.com,Shopify,GitHub Gist alexfilatov shopifystores.csv
352,https://melra.myshopify.com,melra.myshopify.com,Shopify,GitHub Gist alexfilatov shopifystores.csv
353,https://alhambra.myshopify.com,alhambra.myshopify.com,Shopify,GitHub Gist alexfilatov shopifystores.csv
354,https://luxury.myshopify.com,luxury.myshopify.com,Shopify,GitHub Gist alexfilatov shopifystores.csv
355,https://cellphone.myshopify.com,cellphone.myshopify.com,Shopify,GitHub Gist alexfilatov shopifystores.csv
356,https://hawaii.myshopify.com,hawaii.myshopify.com,Shopify,GitHub Gist alexfilatov shopifystores.csv
357,https://webshop.myshopify.com,webshop.myshopify.com,Shopify,GitHub Gist alexfilatov shopifystores.csv
358,https://smashdata.myshopify.com,smashdata.myshopify.com,Shopify,GitHub Gist alexfilatov shopifystores.csv
359,https://dulceslacarmela.myshopify.com,dulceslacarmela.myshopify.com,Shopify,GitHub Gist alexfilatov shopifystores.csv
360,https://cutieonabudget.myshopify.com,cutieonabudget.myshopify.com,Shopify,GitHub Gist alexfilatov shopifystores.csv
361,https://ventura.myshopify.com,ventura.myshopify.com,Shopify,GitHub Gist alexfilatov shopifystores.csv
362,https://sach.myshopify.com,sach.myshopify.com,Shopify,GitHub Gist alexfilatov shopifystores.csv
363,https://themarketingteacher.myshopify.com,themarketingteacher.myshopify.com,Shopify,GitHub Gist alexfilatov shopifystores.csv
364,https://tshirt.myshopify.com,tshirt.myshopify.com,Shopify,GitHub Gist alexfilatov shopifystores.csv
365,https://atomixcomix.myshopify.com,atomixcomix.myshopify.com,Shopify,GitHub Gist alexfilatov shopifystores.csv
366,https://digiru.myshopify.com,digiru.myshopify.com,Shopify,GitHub Gist alexfilatov shopifystores.csv
367,https://prepsportsbiz.myshopify.com,prepsportsbiz.myshopify.com,Shopify,GitHub Gist alexfilatov shopifystores.csv
368,https://zaui.myshopify.com,zaui.myshopify.com,Shopify,GitHub Gist alexfilatov shopifystores.csv
369,https://singla.myshopify.com,singla.myshopify.com,Shopify,GitHub Gist alexfilatov shopifystores.csv
370,https://redrory.myshopify.com,redrory.myshopify.com,Shopify,GitHub Gist alexfilatov shopifystores.csv
371,https://till.myshopify.com,till.myshopify.com,Shopify,GitHub Gist alexfilatov shopifystores.csv
372,https://sixside.myshopify.com,sixside.myshopify.com,Shopify,GitHub Gist alexfilatov shopifystores.csv
373,https://webdev.myshopify.com,webdev.myshopify.com,Shopify,GitHub Gist alexfilatov shopifystores.csv
374,https://www.mollybeads.com,www.mollybeads.com,Shopify,GitHub Gist alexfilatov shopifystores.csv
375,https://stickbob.myshopify.com,stickbob.myshopify.com,Shopify,GitHub Gist alexfilatov shopifystores.csv
376,https://handwrittenresults.myshopify.com,handwrittenresults.myshopify.com,Shopify,GitHub Gist alexfilatov shopifystores.csv
377,https://bonsaimarketing.myshopify.com,bonsaimarketing.myshopify.com,Shopify,GitHub Gist alexfilatov shopifystores.csv
378,https://fantasysportsmatrix.myshopify.com,fantasysportsmatrix.myshopify.com,Shopify,GitHub Gist alexfilatov shopifystores.csv
379,https://airsoftsupplies.myshopify.com,airsoftsupplies.myshopify.com,Shopify,GitHub Gist alexfilatov shopifystores.csv
380,https://dynamik.myshopify.com,dynamik.myshopify.com,Shopify,GitHub Gist alexfilatov shopifystores.csv
381,https://shinnphoto.myshopify.com,shinnphoto.myshopify.com,Shopify,GitHub Gist alexfilatov shopifystores.csv
382,https://metafora.myshopify.com,metafora.myshopify.com,Shopify,GitHub Gist alexfilatov shopifystores.csv
383,https://locallife.myshopify.com,locallife.myshopify.com,Shopify,GitHub Gist alexfilatov shopifystores.csv
384,https://records.myshopify.com,records.myshopify.com,Shopify,GitHub Gist alexfilatov shopifystores.csv
385,https://fishop.myshopify.com,fishop.myshopify.com,Shopify,GitHub Gist alexfilatov shopifystores.csv
386,https://elliswyche.myshopify.com,elliswyche.myshopify.com,Shopify,GitHub Gist alexfilatov shopifystores.csv
387,https://outletjeweler.myshopify.com,outletjeweler.myshopify.com,Shopify,GitHub Gist alexfilatov shopifystores.csv
388,https://digital.myshopify.com,digital.myshopify.com,Shopify,GitHub Gist alexfilatov shopifystores.csv
389,https://leeaston.myshopify.com,leeaston.myshopify.com,Shopify,GitHub Gist alexfilatov shopifystores.csv
390,https://stabani.myshopify.com,stabani.myshopify.com,Shopify,GitHub Gist alexfilatov shopifystores.csv
391,https://jofan.myshopify.com,jofan.myshopify.com,Shopify,GitHub Gist alexfilatov shopifystores.csv
392,https://destinylabs.myshopify.com,destinylabs.myshopify.com,Shopify,GitHub Gist alexfilatov shopifystores.csv
393,https://leatherstreet.myshopify.com,leatherstreet.myshopify.com,Shopify,GitHub Gist alexfilatov shopifystores.csv
394,https://scribbledesigns.myshopify.com,scribbledesigns.myshopify.com,Shopify,GitHub Gist alexfilatov shopifystores.csv
395,https://bholsclaw.myshopify.com,bholsclaw.myshopify.com,Shopify,GitHub Gist alexfilatov shopifystores.csv
396,https://jewelry.myshopify.com,jewelry.myshopify.com,Shopify,GitHub Gist alexfilatov shopifystores.csv
397,https://bygratuity.myshopify.com,bygratuity.myshopify.com,Shopify,GitHub Gist alexfilatov shopifystores.csv
398,http://www.lemot.es,www.lemot.es,Shopify,GitHub Gist alexfilatov shopifystores.csv
399,https://beddingandlamps.myshopify.com,beddingandlamps.myshopify.com,Shopify,GitHub Gist alexfilatov shopifystores.csv
400,https://persian.myshopify.com,persian.myshopify.com,Shopify,GitHub Gist alexfilatov shopifystores.csv
401,https://media.myshopify.com,media.myshopify.com,Shopify,GitHub Gist alexfilatov shopifystores.csv
402,https://kodo.myshopify.com,kodo.myshopify.com,Shopify,GitHub Gist alexfilatov shopifystores.csv
403,https://test123.myshopify.com,test123.myshopify.com,Shopify,GitHub Gist alexfilatov shopifystores.csv
404,https://inthepink.myshopify.com,inthepink.myshopify.com,Shopify,GitHub Gist alexfilatov shopifystores.csv
405,https://mclcomp.myshopify.com,mclcomp.myshopify.com,Shopify,GitHub Gist alexfilatov shopifystores.csv
406,https://cybarn.myshopify.com,cybarn.myshopify.com,Shopify,GitHub Gist alexfilatov shopifystores.csv
407,https://jennifer.myshopify.com,jennifer.myshopify.com,Shopify,GitHub Gist alexfilatov shopifystores.csv
408,https://acurazine.myshopify.com,acurazine.myshopify.com,Shopify,GitHub Gist alexfilatov shopifystores.csv
409,https://gaba.myshopify.com,gaba.myshopify.com,Shopify,GitHub Gist alexfilatov shopifystores.csv
410,https://asparagirl.myshopify.com,asparagirl.myshopify.com,Shopify,GitHub Gist alexfilatov shopifystores.csv
411,https://newchoir.myshopify.com,newchoir.myshopify.com,Shopify,GitHub Gist alexfilatov shopifystores.csv
412,https://tony.myshopify.com,tony.myshopify.com,Shopify,GitHub Gist alexfilatov shopifystores.csv
413,https://bbqpit.myshopify.com,bbqpit.myshopify.com,Shopify,GitHub Gist alexfilatov shopifystores.csv
414,https://dating.myshopify.com,dating.myshopify.com,Shopify,GitHub Gist alexfilatov shopifystores.csv
415,https://joeymarchy.myshopify.com,joeymarchy.myshopify.com,Shopify,GitHub Gist alexfilatov shopifystores.csv
416,https://topstocks.myshopify.com,topstocks.myshopify.com,Shopify,GitHub Gist alexfilatov shopifystores.csv
417,https://decor.myshopify.com,decor.myshopify.com,Shopify,GitHub Gist alexfilatov shopifystores.csv
418,https://mineralmakeup.myshopify.com,mineralmakeup.myshopify.com,Shopify,GitHub Gist alexfilatov shopifystores.csv
419,https://aroma.myshopify.com,aroma.myshopify.com,Shopify,GitHub Gist alexfilatov shopifystores.csv
420,https://ebay.myshopify.com,ebay.myshopify.com,Shopify,GitHub Gist alexfilatov shopifystores.csv
421,https://giffo.myshopify.com,giffo.myshopify.com,Shopify,GitHub Gist alexfilatov shopifystores.csv
422,https://luna24.myshopify.com,luna24.myshopify.com,Shopify,GitHub Gist alexfilatov shopifystores.csv
423,https://bailbooks.myshopify.com,bailbooks.myshopify.com,Shopify,GitHub Gist alexfilatov shopifystores.csv
424,https://sharkmedia.myshopify.com,sharkmedia.myshopify.com,Shopify,GitHub Gist alexfilatov shopifystores.csv
425,https://tele.myshopify.com,tele.myshopify.com,Shopify,GitHub Gist alexfilatov shopifystores.csv
426,https://bloggingguru.myshopify.com,bloggingguru.myshopify.com,Shopify,GitHub Gist alexfilatov shopifystores.csv
427,https://gamma.myshopify.com,gamma.myshopify.com,Shopify,GitHub Gist alexfilatov shopifystores.csv
428,https://autopilot.myshopify.com,autopilot.myshopify.com,Shopify,GitHub Gist alexfilatov shopifystores.csv
429,https://nterface.myshopify.com,nterface.myshopify.com,Shopify,GitHub Gist alexfilatov shopifystores.csv
430,https://furigana.myshopify.com,furigana.myshopify.com,Shopify,GitHub Gist alexfilatov shopifystores.csv
431,https://shoes.myshopify.com,shoes.myshopify.com,Shopify,GitHub Gist alexfilatov shopifystores.csv
432,https://davidhemphill.myshopify.com,davidhemphill.myshopify.com,Shopify,GitHub Gist alexfilatov shopifystores.csv
433,https://navilabscorp.myshopify.com,navilabscorp.myshopify.com,Shopify,GitHub Gist alexfilatov shopifystores.csv
434,https://www2.myshopify.com,www2.myshopify.com,Shopify,GitHub Gist alexfilatov shopifystores.csv
435,https://joelshop.myshopify.com,joelshop.myshopify.com,Shopify,GitHub Gist alexfilatov shopifystores.csv
436,https://pretif.myshopify.com,pretif.myshopify.com,Shopify,GitHub Gist alexfilatov shopifystores.csv
437,https://recordsby2024.myshopify.com,recordsby2024.myshopify.com,Shopify,GitHub Gist alexfilatov shopifystores.csv
438,https://sozeug.myshopify.com,sozeug.myshopify.com,Shopify,GitHub Gist alexfilatov shopifystores.csv
439,https://juretta.myshopify.com,juretta.myshopify.com,Shopify,GitHub Gist alexfilatov shopifystores.csv
440,https://denial.myshopify.com,denial.myshopify.com,Shopify,GitHub Gist alexfilatov shopifystores.csv
441,https://niels.myshopify.com,niels.myshopify.com,Shopify,GitHub Gist alexfilatov shopifystores.csv
442,https://cmanifestations.myshopify.com,cmanifestations.myshopify.com,Shopify,GitHub Gist alexfilatov shopifystores.csv
443,https://beansbox.myshopify.com,beansbox.myshopify.com,Shopify,GitHub Gist alexfilatov shopifystores.csv
444,https://walkingtoyou.myshopify.com,walkingtoyou.myshopify.com,Shopify,GitHub Gist alexfilatov shopifystores.csv
445,https://phpmagazine.myshopify.com,phpmagazine.myshopify.com,Shopify,GitHub Gist alexfilatov shopifystores.csv
446,https://jandk.myshopify.com,jandk.myshopify.com,Shopify,GitHub Gist alexfilatov shopifystores.csv
447,https://browsers.myshopify.com,browsers.myshopify.com,Shopify,GitHub Gist alexfilatov shopifystores.csv
448,https://slant.myshopify.com,slant.myshopify.com,Shopify,GitHub Gist alexfilatov shopifystores.csv
449,https://grody.myshopify.com,grody.myshopify.com,Shopify,GitHub Gist alexfilatov shopifystores.csv
450,https://zdikmen.myshopify.com,zdikmen.myshopify.com,Shopify,GitHub Gist alexfilatov shopifystores.csv
451,https://fashionista.myshopify.com,fashionista.myshopify.com,Shopify,GitHub Gist alexfilatov shopifystores.csv
452,https://pollen8.myshopify.com,pollen8.myshopify.com,Shopify,GitHub Gist alexfilatov shopifystores.csv
453,https://lkarapuda.myshopify.com,lkarapuda.myshopify.com,Shopify,GitHub Gist alexfilatov shopifystores.csv
454,https://parkology.myshopify.com,parkology.myshopify.com,Shopify,GitHub Gist alexfilatov shopifystores.csv
455,https://kabbalah.myshopify.com,kabbalah.myshopify.com,Shopify,GitHub Gist alexfilatov shopifystores.csv
456,https://jsmolin.myshopify.com,jsmolin.myshopify.com,Shopify,GitHub Gist alexfilatov shopifystores.csv
457,http://www.dcsoiree.com,www.dcsoiree.com,Shopify,GitHub Gist alexfilatov shopifystores.csv
458,https://amplificoband.myshopify.com,amplificoband.myshopify.com,Shopify,GitHub Gist alexfilatov shopifystores.csv
459,https://ownersellstl.myshopify.com,ownersellstl.myshopify.com,Shopify,GitHub Gist alexfilatov shopifystores.csv
460,https://musicpheed.myshopify.com,musicpheed.myshopify.com,Shopify,GitHub Gist alexfilatov shopifystores.csv
461,https://joevandyk.myshopify.com,joevandyk.myshopify.com,Shopify,GitHub Gist alexfilatov shopifystores.csv
462,https://noteworthy.myshopify.com,noteworthy.myshopify.com,Shopify,GitHub Gist alexfilatov shopifystores.csv
463,https://workdrone.myshopify.com,workdrone.myshopify.com,Shopify,GitHub Gist alexfilatov shopifystores.csv
464,https://mirko.myshopify.com,mirko.myshopify.com,Shopify,GitHub Gist alexfilatov shopifystores.csv
465,https://pasteque.myshopify.com,pasteque.myshopify.com,Shopify,GitHub Gist alexfilatov shopifystores.csv
466,https://loganbrown.myshopify.com,loganbrown.myshopify.com,Shopify,GitHub Gist alexfilatov shopifystores.csv
467,https://testing.myshopify.com,testing.myshopify.com,Shopify,GitHub Gist alexfilatov shopifystores.csv
468,https://spamwear.myshopify.com,spamwear.myshopify.com,Shopify,GitHub Gist alexfilatov shopifystores.csv
469,https://xavierlouveau.myshopify.com,xavierlouveau.myshopify.com,Shopify,GitHub Gist alexfilatov shopifystores.csv
470,https://connecty.myshopify.com,connecty.myshopify.com,Shopify,GitHub Gist alexfilatov shopifystores.csv
471,https://marble2.myshopify.com,marble2.myshopify.com,Shopify,GitHub Gist alexfilatov shopifystores.csv
472,https://blankfile.myshopify.com,blankfile.myshopify.com,Shopify,GitHub Gist alexfilatov shopifystores.csv
473,https://chic.myshopify.com,chic.myshopify.com,Shopify,GitHub Gist alexfilatov shopifystores.csv
474,https://gentle.myshopify.com,gentle.myshopify.com,Shopify,GitHub Gist alexfilatov shopifystores.csv
475,https://northlandchurch.myshopify.com,northlandchurch.myshopify.com,Shopify,GitHub Gist alexfilatov shopifystores.csv
476,https://skylab.myshopify.com,skylab.myshopify.com,Shopify,GitHub Gist alexfilatov shopifystores.csv
477,https://dmcleod.myshopify.com,dmcleod.myshopify.com,Shopify,GitHub Gist alexfilatov shopifystores.csv
478,http://www.tabacchiera.net,www.tabacchiera.net,Shopify,GitHub Gist alexfilatov shopifystores.csv
479,https://rise.myshopify.com,rise.myshopify.com,Shopify,GitHub Gist alexfilatov shopifystores.csv
480,https://famoreira.myshopify.com,famoreira.myshopify.com,Shopify,GitHub Gist alexfilatov shopifystores.csv
481,https://ratzo.myshopify.com,ratzo.myshopify.com,Shopify,GitHub Gist alexfilatov shopifystores.csv
482,https://desibrands.myshopify.com,desibrands.myshopify.com,Shopify,GitHub Gist alexfilatov shopifystores.csv
483,https://trgtest.myshopify.com,trgtest.myshopify.com,Shopify,GitHub Gist alexfilatov shopifystores.csv
484,https://beautifulguitars.myshopify.com,beautifulguitars.myshopify.com,Shopify,GitHub Gist alexfilatov shopifystores.csv
485,https://bizmonk.myshopify.com,bizmonk.myshopify.com,Shopify,GitHub Gist alexfilatov shopifystores.csv
486,https://monstershop.myshopify.com,monstershop.myshopify.com,Shopify,GitHub Gist alexfilatov shopifystores.csv
487,https://alex.myshopify.com,alex.myshopify.com,Shopify,GitHub Gist alexfilatov shopifystores.csv
488,https://unique.myshopify.com,unique.myshopify.com,Shopify,GitHub Gist alexfilatov shopifystores.csv
489,https://heavy.myshopify.com,heavy.myshopify.com,Shopify,GitHub Gist alexfilatov shopifystores.csv
490,https://abnerdesign.myshopify.com,abnerdesign.myshopify.com,Shopify,GitHub Gist alexfilatov shopifystores.csv
491,https://dynamicracing.myshopify.com,dynamicracing.myshopify.com,Shopify,GitHub Gist alexfilatov shopifystores.csv
492,https://nirbi.myshopify.com,nirbi.myshopify.com,Shopify,GitHub Gist alexfilatov shopifystores.csv
493,https://thebasketshoppe.myshopify.com,thebasketshoppe.myshopify.com,Shopify,GitHub Gist alexfilatov shopifystores.csv
494,https://rogue.myshopify.com,rogue.myshopify.com,Shopify,GitHub Gist alexfilatov shopifystores.csv
495,https://lilaminals.myshopify.com,lilaminals.myshopify.com,Shopify,GitHub Gist alexfilatov shopifystores.csv
496,https://nbpb.myshopify.com,nbpb.myshopify.com,Shopify,GitHub Gist alexfilatov shopifystores.csv
497,https://darkmatt3r.myshopify.com,darkmatt3r.myshopify.com,Shopify,GitHub Gist alexfilatov shopifystores.csv
498,https://stationery.myshopify.com,stationery.myshopify.com,Shopify,GitHub Gist alexfilatov shopifystores.csv
499,https://software.myshopify.com,software.myshopify.com,Shopify,GitHub Gist alexfilatov shopifystores.csv
500,https://schobiwan.myshopify.com,schobiwan.myshopify.com,Shopify,GitHub Gist alexfilatov shopifystores.csv
501,https://interestingfinds.myshopify.com,interestingfinds.myshopify.com,Shopify,GitHub Gist alexfilatov shopifystores.csv
502,https://textee.myshopify.com,textee.myshopify.com,Shopify,GitHub Gist alexfilatov shopifystores.csv
503,https://dannyweb.myshopify.com,dannyweb.myshopify.com,Shopify,GitHub Gist alexfilatov shopifystores.csv
504,https://photo.myshopify.com,photo.myshopify.com,Shopify,GitHub Gist alexfilatov shopifystores.csv
505,https://imagiag.myshopify.com,imagiag.myshopify.com,Shopify,GitHub Gist alexfilatov shopifystores.csv
506,https://soup.myshopify.com,soup.myshopify.com,Shopify,GitHub Gist alexfilatov shopifystores.csv
507,https://businessdvds.myshopify.com,businessdvds.myshopify.com,Shopify,GitHub Gist alexfilatov shopifystores.csv
508,https://barefootstitches.myshopify.com,barefootstitches.myshopify.com,Shopify,GitHub Gist alexfilatov shopifystores.csv
509,https://youngineurope.myshopify.com,youngineurope.myshopify.com,Shopify,GitHub Gist alexfilatov shopifystores.csv
510,https://technorama.myshopify.com,technorama.myshopify.com,Shopify,GitHub Gist alexfilatov shopifystores.csv
511,https://sisco.myshopify.com,sisco.myshopify.com,Shopify,GitHub Gist alexfilatov shopifystores.csv
512,https://zensure.myshopify.com,zensure.myshopify.com,Shopify,GitHub Gist alexfilatov shopifystores.csv
513,https://bonbon.myshopify.com,bonbon.myshopify.com,Shopify,GitHub Gist alexfilatov shopifystores.csv
514,https://shockwaverider.myshopify.com,shockwaverider.myshopify.com,Shopify,GitHub Gist alexfilatov shopifystores.csv
515,https://altitudetea.myshopify.com,altitudetea.myshopify.com,Shopify,GitHub Gist alexfilatov shopifystores.csv
516,https://breakdancingchimp.myshopify.com,breakdancingchimp.myshopify.com,Shopify,GitHub Gist alexfilatov shopifystores.csv
517,https://patsar.myshopify.com,patsar.myshopify.com,Shopify,GitHub Gist alexfilatov shopifystores.csv
518,https://organics.myshopify.com,organics.myshopify.com,Shopify,GitHub Gist alexfilatov shopifystores.csv
519,https://senio-reutlingen.myshopify.com,senio-reutlingen.myshopify.com,Shopify,GitHub Gist alexfilatov shopifystores.csv
520,https://gallery.myshopify.com,gallery.myshopify.com,Shopify,GitHub Gist alexfilatov shopifystores.csv
521,https://t-recs.myshopify.com,t-recs.myshopify.com,Shopify,GitHub Gist alexfilatov shopifystores.csv
522,https://baffledbytech.myshopify.com,baffledbytech.myshopify.com,Shopify,GitHub Gist alexfilatov shopifystores.csv
523,https://asimov.myshopify.com,asimov.myshopify.com,Shopify,GitHub Gist alexfilatov shopifystores.csv
524,https://suler.myshopify.com,suler.myshopify.com,Shopify,GitHub Gist alexfilatov shopifystores.csv
525,https://bogdans83.myshopify.com,bogdans83.myshopify.com,Shopify,GitHub Gist alexfilatov shopifystores.csv
526,https://vectis.myshopify.com,vectis.myshopify.com,Shopify,GitHub Gist alexfilatov shopifystores.csv
527,https://jgbunsens.myshopify.com,jgbunsens.myshopify.com,Shopify,GitHub Gist alexfilatov shopifystores.csv
528,https://testingit.myshopify.com,testingit.myshopify.com,Shopify,GitHub Gist alexfilatov shopifystores.csv
529,https://gadgetboy.myshopify.com,gadgetboy.myshopify.com,Shopify,GitHub Gist alexfilatov shopifystores.csv
530,https://utahstandard.myshopify.com,utahstandard.myshopify.com,Shopify,GitHub Gist alexfilatov shopifystores.csv
531,https://esale.myshopify.com,esale.myshopify.com,Shopify,GitHub Gist alexfilatov shopifystores.csv
532,https://architecture.myshopify.com,architecture.myshopify.com,Shopify,GitHub Gist alexfilatov shopifystores.csv
533,https://bunti.myshopify.com,bunti.myshopify.com,Shopify,GitHub Gist alexfilatov shopifystores.csv
534,https://fatmansoftball.myshopify.com,fatmansoftball.myshopify.com,Shopify,GitHub Gist alexfilatov shopifystores.csv
535,https://conversation.myshopify.com,conversation.myshopify.com,Shopify,GitHub Gist alexfilatov shopifystores.csv
536,https://mobile.myshopify.com,mobile.myshopify.com,Shopify,GitHub Gist alexfilatov shopifystores.csv
537,https://costavida.myshopify.com,costavida.myshopify.com,Shopify,GitHub Gist alexfilatov shopifystores.csv
538,https://comfortzone.myshopify.com,comfortzone.myshopify.com,Shopify,GitHub Gist alexfilatov shopifystores.csv
539,https://noeliver.myshopify.com,noeliver.myshopify.com,Shopify,GitHub Gist alexfilatov shopifystores.csv
540,https://mmtd.myshopify.com,mmtd.myshopify.com,Shopify,GitHub Gist alexfilatov shopifystores.csv
541,https://wrick.myshopify.com,wrick.myshopify.com,Shopify,GitHub Gist alexfilatov shopifystores.csv
542,https://maccomicstrip.myshopify.com,maccomicstrip.myshopify.com,Shopify,GitHub Gist alexfilatov shopifystores.csv
543,https://chilang.myshopify.com,chilang.myshopify.com,Shopify,GitHub Gist alexfilatov shopifystores.csv
544,https://magicaudio.myshopify.com,magicaudio.myshopify.com,Shopify,GitHub Gist alexfilatov shopifystores.csv
545,https://misato.myshopify.com,misato.myshopify.com,Shopify,GitHub Gist alexfilatov shopifystores.csv
546,https://loadingreadyrun.myshopify.com,loadingreadyrun.myshopify.com,Shopify,GitHub Gist alexfilatov shopifystores.csv
547,https://vovito.myshopify.com,vovito.myshopify.com,Shopify,GitHub Gist alexfilatov shopifystores.csv
548,https://shopstores4sure.myshopify.com,shopstores4sure.myshopify.com,Shopify,GitHub Gist alexfilatov shopifystores.csv
549,https://vaughn.myshopify.com,vaughn.myshopify.com,Shopify,GitHub Gist alexfilatov shopifystores.csv
550,https://donkey.myshopify.com,donkey.myshopify.com,Shopify,GitHub Gist alexfilatov shopifystores.csv
551,https://palma.myshopify.com,palma.myshopify.com,Shopify,GitHub Gist alexfilatov shopifystores.csv
552,https://emillmo.myshopify.com,emillmo.myshopify.com,Shopify,GitHub Gist alexfilatov shopifystores.csv
553,https://hwthrifts.myshopify.com,hwthrifts.myshopify.com,Shopify,GitHub Gist alexfilatov shopifystores.csv
554,https://stymie.myshopify.com,stymie.myshopify.com,Shopify,GitHub Gist alexfilatov shopifystores.csv
555,https://videmo.myshopify.com,videmo.myshopify.com,Shopify,GitHub Gist alexfilatov shopifystores.csv
556,https://quinari.myshopify.com,quinari.myshopify.com,Shopify,GitHub Gist alexfilatov shopifystores.csv
557,https://adulteratedjedi.myshopify.com,adulteratedjedi.myshopify.com,Shopify,GitHub Gist alexfilatov shopifystores.csv
558,https://blake.myshopify.com,blake.myshopify.com,Shopify,GitHub Gist alexfilatov shopifystores.csv
559,https://www.grainmills.co.nz,www.grainmills.co.nz,Shopify,GitHub Gist alexfilatov shopifystores.csv
560,https://vector.myshopify.com,vector.myshopify.com,Shopify,GitHub Gist alexfilatov shopifystores.csv
561,https://jarredbishop.myshopify.com,jarredbishop.myshopify.com,Shopify,GitHub Gist alexfilatov shopifystores.csv
562,https://cara-tm.myshopify.com,cara-tm.myshopify.com,Shopify,GitHub Gist alexfilatov shopifystores.csv
563,https://marie.myshopify.com,marie.myshopify.com,Shopify,GitHub Gist alexfilatov shopifystores.csv
564,https://indesign.myshopify.com,indesign.myshopify.com,Shopify,GitHub Gist alexfilatov shopifystores.csv
565,https://goofiz.myshopify.com,goofiz.myshopify.com,Shopify,GitHub Gist alexfilatov shopifystores.csv
566,https://yangwawa.myshopify.com,yangwawa.myshopify.com,Shopify,GitHub Gist alexfilatov shopifystores.csv
567,https://yeahdave.myshopify.com,yeahdave.myshopify.com,Shopify,GitHub Gist alexfilatov shopifystores.csv
568,https://yamiyama.myshopify.com,yamiyama.myshopify.com,Shopify,GitHub Gist alexfilatov shopifystores.csv
569,https://duran.myshopify.com,duran.myshopify.com,Shopify,GitHub Gist alexfilatov shopifystores.csv
570,https://stormlab.myshopify.com,stormlab.myshopify.com,Shopify,GitHub Gist alexfilatov shopifystores.csv
571,https://schwagr.myshopify.com,schwagr.myshopify.com,Shopify,GitHub Gist alexfilatov shopifystores.csv
572,https://buxx.myshopify.com,buxx.myshopify.com,Shopify,GitHub Gist alexfilatov shopifystores.csv
573,https://verticality.myshopify.com,verticality.myshopify.com,Shopify,GitHub Gist alexfilatov shopifystores.csv
574,https://plasticmind.myshopify.com,plasticmind.myshopify.com,Shopify,GitHub Gist alexfilatov shopifystores.csv
575,https://treelife.myshopify.com,treelife.myshopify.com,Shopify,GitHub Gist alexfilatov shopifystores.csv
576,https://blossomagic.myshopify.com,blossomagic.myshopify.com,Shopify,GitHub Gist alexfilatov shopifystores.csv
577,https://bobbyjohn.myshopify.com,bobbyjohn.myshopify.com,Shopify,GitHub Gist alexfilatov shopifystores.csv
578,https://jangutuzine.myshopify.com,jangutuzine.myshopify.com,Shopify,GitHub Gist alexfilatov shopifystores.csv
579,https://floco.myshopify.com,floco.myshopify.com,Shopify,GitHub Gist alexfilatov shopifystores.csv
580,https://vivalarockabilly.myshopify.com,vivalarockabilly.myshopify.com,Shopify,GitHub Gist alexfilatov shopifystores.csv
581,https://lackadaisy.myshopify.com,lackadaisy.myshopify.com,Shopify,GitHub Gist alexfilatov shopifystores.csv
582,https://slovakshop.myshopify.com,slovakshop.myshopify.com,Shopify,GitHub Gist alexfilatov shopifystores.csv
583,https://randyjensenonline.myshopify.com,randyjensenonline.myshopify.com,Shopify,GitHub Gist alexfilatov shopifystores.csv
584,https://tienda.myshopify.com,tienda.myshopify.com,Shopify,GitHub Gist alexfilatov shopifystores.csv
585,https://cafedave.myshopify.com,cafedave.myshopify.com,Shopify,GitHub Gist alexfilatov shopifystores.csv
586,https://crystalsilver.myshopify.com,crystalsilver.myshopify.com,Shopify,GitHub Gist alexfilatov shopifystores.csv
587,https://skinrevivalsolutions.myshopify.com,skinrevivalsolutions.myshopify.com,Shopify,GitHub Gist alexfilatov shopifystores.csv
588,https://lookstylish.myshopify.com,lookstylish.myshopify.com,Shopify,GitHub Gist alexfilatov shopifystores.csv
589,https://yellyin.myshopify.com,yellyin.myshopify.com,Shopify,GitHub Gist alexfilatov shopifystores.csv
590,https://yawpsoft.myshopify.com,yawpsoft.myshopify.com,Shopify,GitHub Gist alexfilatov shopifystores.csv
591,https://nicolas.myshopify.com,nicolas.myshopify.com,Shopify,GitHub Gist alexfilatov shopifystores.csv
592,https://chess.myshopify.com,chess.myshopify.com,Shopify,GitHub Gist alexfilatov shopifystores.csv
593,https://vinyls.myshopify.com,vinyls.myshopify.com,Shopify,GitHub Gist alexfilatov shopifystores.csv
594,https://aikadesign.myshopify.com,aikadesign.myshopify.com,Shopify,GitHub Gist alexfilatov shopifystores.csv
595,https://cricket.myshopify.com,cricket.myshopify.com,Shopify,GitHub Gist alexfilatov shopifystores.csv
596,https://vibrantplanet.myshopify.com,vibrantplanet.myshopify.com,Shopify,GitHub Gist alexfilatov shopifystores.csv
597,https://stillnotkickedthebucket.myshopify.com,stillnotkickedthebucket.myshopify.com,Shopify,GitHub Gist alexfilatov shopifystores.csv
598,https://shaiin.myshopify.com,shaiin.myshopify.com,Shopify,GitHub Gist alexfilatov shopifystores.csv
599,https://spinron.myshopify.com,spinron.myshopify.com,Shopify,GitHub Gist alexfilatov shopifystores.csv
600,https://thequaintoldcottage.myshopify.com,thequaintoldcottage.myshopify.com,Shopify,GitHub Gist alexfilatov shopifystores.csv
